Unique ID; Name; Sex; Father ID; Mother ID; Spouse ID; Age; Alive
0;Maria;Female;;;4;66;False
1;Günter;Male;;;9;52;False
2;Wilhelm;Male;;;;51;False
3;Reinhardt;Male;;;;57;False
4;Peter;Male;;;0;53;False
5;Uwe;Male;4;0;7;60;False
6;Johannes;Male;4;0;11;61;False
7;Hildegard;Female;4;0;5;56;False
8;Peter;Male;4;0;;54;False
9;Svenja;Female;4;0;1;50;False
10;Johan;Male;4;0;;59;False
11;Johanna;Female;4;0;6;53;False
12;Uwe;Male;4;0;;62;False
13;Heinrich;Male;4;0;14;52;False
14;Sonja;Female;4;0;13;50;False
15;Heinrich;Male;4;0;16;58;False
16;Berbel;Female;4;0;15;61;False
17;Wilhelm;Male;4;0;152;56;False
18;Hildegard;Female;4;0;;58;False
19;Hildegard;Female;4;0;25;55;False
20;Heinrich;Male;4;0;24;58;False
21;Maria;Female;4;0;138;53;False
22;Uta;Female;4;0;30;61;True
23;Uwe;Male;4;0;;57;False
24;Eva;Female;4;0;20;50;False
25;Peter;Male;4;0;19;50;False
26;Johannes;Male;4;0;149;54;False
27;Friedrich;Male;4;0;84;51;False
28;Michael;Male;4;0;47;58;True
29;Peter;Male;4;0;111;50;False
30;Franz;Male;4;0;22;51;False
31;Maria;Female;4;0;46;50;False
32;Uwe;Male;4;0;;51;False
33;Hans;Male;4;0;42;53;False
34;Wilhelm;Male;4;0;62;55;True
35;Svenja;Female;4;0;40;54;True
36;Eva;Female;4;0;104;54;True
37;Johannes;Male;4;0;135;53;True
38;Berbel;Female;4;0;;53;True
39;Wilhelm;Male;4;0;95;52;True
40;Michael;Male;4;0;35;52;True
41;Heinrich;Male;4;0;114;51;True
42;Marie;Female;4;0;33;51;True
43;Peter;Male;4;0;52;50;True
44;Svenja;Female;4;0;91;50;True
45;Michael;Male;4;0;;49;True
46;Friedrich;Male;4;0;31;49;True
47;Hildegard;Female;4;0;28;48;True
48;Johan;Male;4;0;119;48;True
49;Adam;Male;4;0;;47;True
50;Hildegard;Female;4;0;61;47;True
51;Wilhelm;Male;4;0;215;46;True
52;Sonja;Female;1;9;43;46;True
53;Svenja;Female;4;0;;46;True
54;Heinrich;Male;1;9;;46;True
55;Berbel;Female;4;0;67;45;True
56;Maria;Female;1;9;;45;True
57;Hildegard;Female;4;0;;45;True
58;Hildegard;Female;6;11;75;45;True
59;Johannes;Male;1;9;123;45;True
60;Lisa;Female;6;11;169;45;True
61;Friedrich;Male;4;0;50;44;True
62;Berbel;Female;1;9;34;44;True
63;Frida;Female;4;0;70;44;True
64;Lena;Female;6;11;103;44;True
65;Adam;Male;1;9;;44;True
66;Johan;Male;6;11;118;44;True
67;Reinhardt;Male;4;0;55;43;True
68;Reinhardt;Male;1;9;;43;True
69;Frida;Female;4;0;459;43;True
70;Hans;Male;6;11;63;43;True
71;Johan;Male;1;9;225;43;True
72;Johan;Male;6;11;275;43;True
73;Frida;Female;4;0;93;42;True
74;Lena;Female;1;9;216;42;True
75;Johannes;Male;4;0;58;42;True
76;Johan;Male;5;7;453;42;True
77;Eva;Female;6;11;137;42;True
78;Johanna;Female;5;7;273;42;True
79;Wilhelm;Male;1;9;209;42;True
80;Günter;Male;6;11;;42;True
81;Marie;Female;4;0;;41;True
82;Peter;Male;1;9;;41;True
83;Eva;Female;4;0;;41;True
84;Svenja;Female;5;7;27;41;True
85;Sonja;Female;6;11;;41;True
86;Marie;Female;5;7;;41;True
87;Günter;Male;1;9;471;41;True
88;Johannes;Male;6;11;;41;True
89;Reinhardt;Male;25;19;;41;True
90;Friedrich;Male;4;0;412;40;True
91;Hans;Male;1;9;44;40;True
92;Wilhelm;Male;4;0;324;40;True
93;Heinrich;Male;5;7;73;40;True
94;Wilhelm;Male;6;11;113;40;True
95;Wilhelmina;Female;5;7;39;40;True
96;Svenja;Female;1;9;271;40;True
97;Johan;Male;6;11;;40;True
98;Johan;Male;13;14;144;40;True
99;Sonja;Female;13;14;243;40;True
100;Hildegard;Female;15;16;309;40;True
101;Marie;Female;15;16;;40;True
102;Johanna;Female;25;19;343;40;True
103;Wilhelm;Male;25;19;64;40;True
104;Uwe;Male;4;0;36;39;True
105;Johan;Male;1;9;106;39;True
106;Sonja;Female;4;0;105;39;True
107;Uwe;Male;5;7;;39;True
108;Wilhelm;Male;6;11;;39;True
109;Maria;Female;5;7;;39;True
110;Adam;Male;1;9;145;39;True
111;Wilhelmina;Female;6;11;29;39;True
112;Günter;Male;13;14;143;39;True
113;Wilhelmina;Female;13;14;94;39;True
114;Uta;Female;15;16;41;39;True
115;Sonja;Female;15;16;255;39;True
116;Lena;Female;25;19;;39;True
117;Eva;Female;25;19;;39;True
118;Frida;Female;4;0;66;38;True
119;Berbel;Female;1;9;48;38;True
120;Franz;Male;4;0;122;38;True
121;Frida;Female;5;7;179;38;True
122;Nina;Female;6;11;120;38;True
123;Eva;Female;5;7;59;38;True
124;Heinrich;Male;1;9;;38;True
125;Wilhelm;Male;6;11;158;38;True
126;Reinhardt;Male;13;14;148;38;True
127;Adam;Male;13;14;;38;True
128;Uwe;Male;15;16;;38;True
129;Johan;Male;15;16;182;38;True
130;Wilhelm;Male;25;19;230;38;True
131;Marie;Female;25;19;238;38;True
132;Eva;Female;4;0;405;37;True
133;Uta;Female;4;0;;37;True
134;Johanna;Female;5;7;274;37;True
135;Lisa;Female;6;11;37;37;True
136;Michael;Male;5;7;;37;True
137;Adam;Male;1;9;77;37;True
138;Reinhardt;Male;6;11;21;37;True
139;Wilhelm;Male;13;14;;37;True
140;Heinrich;Male;13;14;;37;True
141;Frida;Female;15;16;;37;True
142;Marie;Female;15;16;;37;True
143;Wilhelmina;Female;25;19;112;37;True
144;Eva;Female;25;19;98;37;True
145;Marie;Female;4;0;110;36;True
146;Marie;Female;5;7;392;36;True
147;Heinrich;Male;6;11;232;36;True
148;Uta;Female;5;7;126;36;True
149;Johanna;Female;1;9;26;36;True
150;Günter;Male;6;11;286;36;True
151;Marie;Female;13;14;160;36;True
152;Svenja;Female;13;14;17;36;True
153;Svenja;Female;15;16;;36;True
154;Adam;Male;15;16;;36;True
155;Lena;Female;25;19;370;36;True
156;Svenja;Female;25;19;;36;True
157;Hildegard;Female;4;0;175;35;True
158;Maria;Female;5;7;125;35;True
159;Johanna;Female;6;11;171;35;True
160;Johan;Male;5;7;151;35;True
161;Johanna;Female;1;9;;35;True
162;Berbel;Female;6;11;;35;True
163;Maria;Female;13;14;;35;True
164;Uta;Female;13;14;;35;True
165;Reinhardt;Male;15;16;;35;True
166;Hildegard;Female;15;16;;35;True
167;Nina;Female;25;19;;35;True
168;Wilhelm;Male;25;19;;35;True
169;Uwe;Male;4;0;60;34;True
170;Günter;Male;5;7;223;34;True
171;Günter;Male;6;11;159;34;True
172;Hildegard;Female;5;7;423;34;True
173;Heinrich;Male;1;9;;34;True
174;Reinhardt;Male;6;11;;34;True
175;Reinhardt;Male;13;14;157;34;True
176;Uta;Female;13;14;;34;True
177;Friedrich;Male;15;16;;34;True
178;Uta;Female;15;16;196;34;True
179;Michael;Male;25;19;121;34;True
180;Berbel;Female;25;19;;34;True
181;Frida;Female;4;0;;33;True
182;Maria;Female;5;7;129;33;True
183;Adam;Male;6;11;222;33;True
184;Reinhardt;Male;5;7;266;33;True
185;Frida;Female;1;9;578;33;True
186;Johannes;Male;6;11;260;33;True
187;Maria;Female;13;14;241;33;True
188;Reinhardt;Male;13;14;420;33;True
189;Frida;Female;15;16;191;33;True
190;Adam;Male;15;16;;33;True
191;Adam;Male;25;19;189;33;True
192;Nina;Female;25;19;394;33;True
193;Maria;Female;4;0;;32;True
194;Reinhardt;Male;5;7;;32;True
195;Adam;Male;6;11;;32;True
196;Günter;Male;5;7;178;32;True
197;Adam;Male;1;9;;32;True
198;Eva;Female;6;11;415;32;True
199;Uta;Female;13;14;204;32;True
200;Marie;Female;13;14;;32;True
201;Berbel;Female;15;16;;32;True
202;Maria;Female;15;16;;32;True
203;Marie;Female;25;19;;32;True
204;Reinhardt;Male;25;19;199;32;True
205;Maria;Female;4;0;;31;True
206;Maria;Female;5;7;;31;True
207;Friedrich;Male;6;11;;31;True
208;Hans;Male;5;7;;31;True
209;Nina;Female;1;9;79;31;True
210;Uwe;Male;6;11;;31;True
211;Reinhardt;Male;13;14;;31;True
212;Hans;Male;13;14;;31;True
213;Friedrich;Male;15;16;;31;True
214;Wilhelm;Male;15;16;261;31;True
215;Eva;Female;25;19;51;31;True
216;Hans;Male;25;19;74;31;True
217;Frida;Female;4;0;277;30;True
218;Berbel;Female;5;7;;30;True
219;Heinrich;Male;6;11;;30;True
220;Franz;Male;5;7;242;30;True
221;Heinrich;Male;1;9;262;30;True
222;Lisa;Female;6;11;183;30;True
223;Nina;Female;13;14;170;30;True
224;Berbel;Female;13;14;;30;True
225;Svenja;Female;15;16;71;30;True
226;Frida;Female;15;16;;30;True
227;Frida;Female;25;19;;30;True
228;Heinrich;Male;20;24;334;30;True
229;Heinrich;Male;20;24;;30;True
230;Maria;Female;25;19;130;30;True
231;Hans;Male;40;35;;30;True
232;Lena;Female;40;35;147;30;True
233;Eva;Female;4;0;339;29;True
234;Nina;Female;5;7;;29;True
235;Lena;Female;6;11;;29;True
236;Reinhardt;Male;5;7;;29;True
237;Johan;Male;1;9;;29;True
238;Michael;Male;6;11;131;29;True
239;Berbel;Female;13;14;;29;True
240;Uta;Female;13;14;;29;True
241;Johannes;Male;15;16;187;29;True
242;Lena;Female;15;16;220;29;True
243;Wilhelm;Male;25;19;99;29;True
244;Lisa;Female;20;24;;29;True
245;Johan;Male;20;24;253;29;True
246;Uwe;Male;25;19;;29;True
247;Günter;Male;40;35;;29;True
248;Johannes;Male;40;35;;29;True
249;Nina;Female;4;0;;28;True
250;Lena;Female;5;7;;28;True
251;Peter;Male;6;11;;28;True
252;Lena;Female;5;7;;28;True
253;Frida;Female;1;9;245;28;True
254;Reinhardt;Male;6;11;;28;True
255;Hans;Male;13;14;115;28;True
256;Marie;Female;13;14;;28;True
257;Michael;Male;15;16;;28;True
258;Lisa;Female;15;16;;28;True
259;Franz;Male;25;19;;28;True
260;Hildegard;Female;20;24;186;28;True
261;Lena;Female;20;24;214;28;True
262;Marie;Female;25;19;221;28;True
263;Reinhardt;Male;40;35;;28;True
264;Heinrich;Male;40;35;;28;True
265;Berbel;Female;4;0;301;27;True
266;Marie;Female;5;7;184;27;True
267;Johannes;Male;6;11;;27;True
268;Hans;Male;5;7;;27;True
269;Maria;Female;1;9;;27;True
270;Franz;Male;6;11;;27;True
271;Adam;Male;13;14;96;27;True
272;Johannes;Male;13;14;;27;True
273;Heinrich;Male;15;16;78;27;True
274;Johan;Male;15;16;134;27;True
275;Uta;Female;25;19;72;27;True
276;Johan;Male;20;24;315;27;True
277;Peter;Male;30;22;;27;True
278;Uwe;Male;20;24;298;27;True
279;Uwe;Male;25;19;;27;True
280;Frida;Female;30;22;;27;True
281;Johannes;Male;40;35;;27;True
282;Reinhardt;Male;40;35;;27;True
283;Berbel;Female;33;42;424;27;True
284;Berbel;Female;4;0;;26;True
285;Reinhardt;Male;5;7;;26;True
286;Frida;Female;6;11;150;26;True
287;Uwe;Male;5;7;378;26;True
288;Wilhelm;Male;1;9;;26;True
289;Frida;Female;6;11;;26;True
290;Berbel;Female;13;14;;26;True
291;Svenja;Female;13;14;;26;True
292;Hildegard;Female;15;16;;26;True
293;Michael;Male;15;16;;26;True
294;Reinhardt;Male;25;19;469;26;True
295;Peter;Male;20;24;;26;True
296;Günter;Male;30;22;;26;True
297;Hans;Male;20;24;;26;True
298;Uta;Female;25;19;278;26;True
299;Berbel;Female;30;22;;26;True
300;Berbel;Female;33;42;;26;True
301;Michael;Male;40;35;265;26;True
302;Lisa;Female;40;35;;26;True
303;Friedrich;Male;33;42;;26;True
304;Sonja;Female;34;62;;26;True
305;Peter;Male;4;0;;25;True
306;Friedrich;Male;5;7;;25;True
307;Uta;Female;6;11;361;25;True
308;Reinhardt;Male;5;7;;25;True
309;Adam;Male;1;9;100;25;True
310;Marie;Female;6;11;;25;True
311;Lena;Female;13;14;;25;True
312;Johannes;Male;13;14;;25;True
313;Friedrich;Male;15;16;320;25;True
314;Wilhelmina;Female;15;16;;25;True
315;Sonja;Female;25;19;276;25;True
316;Hildegard;Female;20;24;;25;True
317;Wilhelm;Male;30;22;;25;True
318;Michael;Male;20;24;;25;True
319;Johannes;Male;25;19;;25;True
320;Johanna;Female;30;22;313;25;True
321;Nina;Female;33;42;413;25;True
322;Sonja;Female;34;62;;25;True
323;Hans;Male;40;35;;25;True
324;Uta;Female;40;35;92;25;True
325;Hildegard;Female;33;42;;25;True
326;Wilhelm;Male;34;62;;25;True
327;Friedrich;Male;4;0;;24;True
328;Johanna;Female;5;7;;24;True
329;Johanna;Female;6;11;;24;True
330;Hans;Male;5;7;;24;True
331;Wilhelmina;Female;1;9;;24;True
332;Adam;Male;6;11;;24;True
333;Franz;Male;13;14;;24;True
334;Eva;Female;13;14;228;24;True
335;Hans;Male;15;16;;24;True
336;Nina;Female;15;16;;24;True
337;Johannes;Male;25;19;422;24;True
338;Günter;Male;20;24;;24;True
339;Johannes;Male;30;22;233;24;True
340;Uta;Female;20;24;365;24;True
341;Friedrich;Male;25;19;;24;True
342;Reinhardt;Male;28;47;;24;True
343;Friedrich;Male;30;22;102;24;True
344;Johannes;Male;33;42;;24;True
345;Franz;Male;34;62;;24;True
346;Adam;Male;40;35;;24;True
347;Hildegard;Female;40;35;;24;True
348;Johan;Male;33;42;;24;True
349;Hildegard;Female;28;47;;24;True
350;Berbel;Female;75;58;;24;True
351;Adam;Male;34;62;;24;True
352;Friedrich;Male;75;58;;24;True
353;Berbel;Female;5;7;;23;True
354;Eva;Female;6;11;;23;True
355;Johanna;Female;5;7;;23;True
356;Eva;Female;1;9;;23;True
357;Hans;Male;6;11;;23;True
358;Hans;Male;13;14;;23;True
359;Hildegard;Female;13;14;;23;True
360;Berbel;Female;15;16;;23;True
361;Reinhardt;Male;15;16;307;23;True
362;Peter;Male;25;19;;23;True
363;Hans;Male;20;24;;23;True
364;Marie;Female;30;22;;23;True
365;Reinhardt;Male;20;24;340;23;True
366;Uta;Female;25;19;;23;True
367;Peter;Male;28;47;;23;True
368;Heinrich;Male;30;22;;23;True
369;Wilhelm;Male;33;42;;23;True
370;Peter;Male;34;62;155;23;True
371;Wilhelmina;Female;40;35;;23;True
372;Lena;Female;40;35;;23;True
373;Johanna;Female;33;42;;23;True
374;Svenja;Female;28;47;;23;True
375;Heinrich;Male;75;58;;23;True
376;Günter;Male;34;62;;23;True
377;Adam;Male;75;58;;23;True
378;Marie;Female;27;84;287;23;True
379;Maria;Female;5;7;;22;True
380;Reinhardt;Male;6;11;;22;True
381;Michael;Male;5;7;557;22;True
382;Uwe;Male;1;9;;22;True
383;Nina;Female;6;11;;22;True
384;Reinhardt;Male;13;14;;22;True
385;Heinrich;Male;13;14;;22;True
386;Hildegard;Female;15;16;;22;True
387;Johan;Male;15;16;;22;True
388;Svenja;Female;25;19;433;22;True
389;Heinrich;Male;20;24;;22;True
390;Eva;Female;30;22;;22;True
391;Sonja;Female;20;24;;22;True
392;Michael;Male;25;19;146;22;True
393;Heinrich;Male;27;84;;22;True
394;Peter;Male;28;47;192;22;True
395;Johan;Male;30;22;;22;True
396;Sonja;Female;33;42;515;22;True
397;Heinrich;Male;34;62;;22;True
398;Berbel;Female;40;35;;22;True
399;Adam;Male;40;35;;22;True
400;Sonja;Female;33;42;;22;True
401;Uwe;Male;28;47;;22;True
402;Marie;Female;75;58;;22;True
403;Peter;Male;34;62;;22;True
404;Frida;Female;103;64;;22;True
405;Reinhardt;Male;75;58;132;22;True
406;Heinrich;Male;27;84;;22;True
407;Wilhelmina;Female;103;64;;22;True
408;Adam;Male;5;7;;21;True
409;Wilhelm;Male;6;11;;21;True
410;Hildegard;Female;5;7;;21;True
411;Frida;Female;1;9;;21;True
412;Wilhelmina;Female;6;11;90;21;True
413;Michael;Male;13;14;321;21;True
414;Heinrich;Male;13;14;;21;True
415;Reinhardt;Male;15;16;198;21;True
416;Wilhelm;Male;15;16;;21;True
417;Nina;Female;25;19;;21;True
418;Adam;Male;20;24;;21;True
419;Marie;Female;30;22;;21;True
420;Svenja;Female;20;24;188;21;True
421;Peter;Male;25;19;;21;True
422;Johanna;Female;27;84;337;21;True
423;Reinhardt;Male;28;47;172;21;True
424;Peter;Male;30;22;283;21;True
425;Uta;Female;33;42;;21;True
426;Friedrich;Male;34;62;;21;True
427;Wilhelm;Male;40;35;;21;True
428;Michael;Male;39;95;;21;True
429;Uta;Female;40;35;;21;True
430;Adam;Male;33;42;;21;True
431;Michael;Male;28;47;;21;True
432;Franz;Male;61;50;;21;True
433;Peter;Male;75;58;388;21;True
434;Berbel;Female;61;50;;21;True
435;Johanna;Female;34;62;;21;True
436;Uwe;Male;103;64;;21;True
437;Marie;Female;75;58;;21;True
438;Heinrich;Male;27;84;;21;True
439;Uwe;Male;39;95;;21;True
440;Lena;Female;103;64;;21;True
441;Nina;Female;5;7;;20;True
442;Franz;Male;6;11;;20;True
443;Friedrich;Male;5;7;;20;True
444;Wilhelm;Male;1;9;;20;True
445;Reinhardt;Male;6;11;;20;True
446;Lisa;Female;13;14;;20;True
447;Reinhardt;Male;13;14;;20;True
448;Hans;Male;15;16;;20;True
449;Lena;Female;15;16;;20;True
450;Peter;Male;25;19;;20;True
451;Svenja;Female;20;24;;20;True
452;Michael;Male;30;22;;20;True
453;Uta;Female;20;24;76;20;True
454;Reinhardt;Male;25;19;;20;True
455;Wilhelmina;Female;27;84;;20;True
456;Friedrich;Male;28;47;;20;True
457;Johanna;Female;30;22;;20;True
458;Heinrich;Male;33;42;;20;True
459;Johannes;Male;34;62;69;20;True
460;Hildegard;Female;40;35;;20;True
461;Nina;Female;39;95;;20;True
462;Reinhardt;Male;40;35;;20;True
463;Frida;Female;33;42;;20;True
464;Lisa;Female;43;52;;20;True
465;Frida;Female;28;47;;20;True
466;Wilhelm;Male;61;50;;20;True
467;Svenja;Female;43;52;;20;True
468;Wilhelm;Male;75;58;;20;True
469;Lena;Female;61;50;294;20;True
470;Hans;Male;34;62;;20;True
471;Nina;Female;103;64;87;20;True
472;Hans;Male;75;58;;20;True
473;Frida;Female;27;84;;20;True
474;Wilhelm;Male;39;95;;20;True
475;Johan;Male;103;64;;20;True
476;Hans;Male;5;7;;19;True
477;Johanna;Female;6;11;;19;True
478;Lisa;Female;5;7;;19;True
479;Michael;Male;1;9;;19;True
480;Svenja;Female;6;11;;19;True
481;Peter;Male;13;14;;19;True
482;Wilhelm;Male;13;14;;19;True
483;Wilhelmina;Female;15;16;;19;True
484;Lisa;Female;15;16;;19;True
485;Eva;Female;25;19;;19;True
486;Wilhelmina;Female;20;24;;19;True
487;Lisa;Female;30;22;;19;True
488;Wilhelmina;Female;20;24;;19;True
489;Friedrich;Male;25;19;;19;True
490;Uwe;Male;27;84;;19;True
491;Wilhelmina;Female;28;47;;19;True
492;Adam;Male;30;22;;19;True
493;Maria;Female;33;42;;19;True
494;Peter;Male;34;62;;19;True
495;Hans;Male;40;35;;19;True
496;Wilhelmina;Female;39;95;;19;True
497;Johanna;Female;40;35;;19;True
498;Nina;Female;33;42;;19;True
499;Nina;Female;43;52;511;19;True
500;Maria;Female;28;47;;19;True
501;Franz;Male;48;119;;19;True
502;Svenja;Female;61;50;;19;True
503;Reinhardt;Male;43;52;;19;True
504;Lena;Female;75;58;;19;True
505;Günter;Male;61;50;;19;True
506;Eva;Female;34;62;;19;True
507;Sonja;Female;70;63;;19;True
508;Lena;Female;103;64;;19;True
509;Wilhelmina;Female;70;63;;19;True
510;Günter;Male;75;58;;19;True
511;Heinrich;Male;137;77;499;19;True
512;Uta;Female;27;84;553;19;True
513;Frida;Female;39;95;;19;True
514;Friedrich;Male;103;64;;19;True
515;Reinhardt;Male;104;36;396;19;True
516;Wilhelm;Male;112;143;;19;True
517;Svenja;Female;66;118;;19;True
518;Svenja;Female;48;119;;19;True
519;Hans;Male;120;122;;19;True
520;Lisa;Female;120;122;;19;True
521;Hans;Male;137;77;;19;True
522;Maria;Female;138;21;;19;True
523;Peter;Male;112;143;;19;True
524;Nina;Female;5;7;;18;True
525;Michael;Male;6;11;;18;True
526;Heinrich;Male;5;7;;18;True
527;Johanna;Female;1;9;;18;True
528;Johannes;Male;6;11;;18;True
529;Franz;Male;13;14;;18;True
530;Svenja;Female;13;14;;18;True
531;Franz;Male;15;16;;18;True
532;Hans;Male;15;16;;18;True
533;Berbel;Female;25;19;;18;True
534;Marie;Female;20;24;;18;True
535;Uta;Female;138;21;;18;True
536;Sonja;Female;30;22;;18;True
537;Michael;Male;20;24;;18;True
538;Hildegard;Female;25;19;;18;True
539;Hildegard;Female;27;84;;18;True
540;Hildegard;Female;28;47;;18;True
541;Hildegard;Female;30;22;;18;True
542;Berbel;Female;33;42;;18;True
543;Adam;Male;34;62;;18;True
544;Johannes;Male;40;35;;18;True
545;Uwe;Male;104;36;;18;True
546;Sonja;Female;39;95;;18;True
547;Berbel;Female;40;35;;18;True
548;Hildegard;Female;33;42;;18;True
549;Wilhelmina;Female;43;52;;18;True
550;Wilhelm;Male;91;44;;18;True
551;Hildegard;Female;28;47;;18;True
552;Marie;Female;48;119;;18;True
553;Heinrich;Male;61;50;512;18;True
554;Marie;Female;43;52;;18;True
555;Friedrich;Male;75;58;;18;True
556;Lisa;Female;61;50;;18;True
557;Eva;Female;34;62;381;18;True
558;Sonja;Female;70;63;;18;True
559;Nina;Female;103;64;;18;True
560;Svenja;Female;66;118;;18;True
561;Sonja;Female;70;63;;18;True
562;Johanna;Female;75;58;;18;True
563;Friedrich;Male;137;77;;18;True
564;Wilhelmina;Female;27;84;;18;True
565;Reinhardt;Male;91;44;;18;True
566;Friedrich;Male;39;95;;18;True
567;Frida;Female;103;64;;18;True
568;Günter;Male;104;36;;18;True
569;Michael;Male;112;143;;18;True
570;Marie;Female;94;113;;18;True
571;Berbel;Female;41;114;;18;True
572;Heinrich;Male;66;118;;18;True
573;Adam;Male;48;119;;18;True
574;Wilhelmina;Female;120;122;;18;True
575;Johan;Male;120;122;;18;True
576;Johanna;Female;137;77;;18;True
577;Wilhelmina;Female;138;21;;18;True
578;Friedrich;Male;112;143;185;18;True
579;Marie;Female;5;7;;17;True
580;Nina;Female;6;11;;17;True
581;Adam;Male;5;7;;17;True
582;Svenja;Female;1;9;;17;True
583;Wilhelm;Male;6;11;;17;True
584;Günter;Male;13;14;;17;True
585;Franz;Male;13;14;;17;True
586;Peter;Male;15;16;;17;True
587;Heinrich;Male;15;16;;17;True
588;Frida;Female;17;152;;17;True
589;Marie;Female;25;19;;17;True
590;Wilhelmina;Female;20;24;;17;True
591;Wilhelmina;Female;138;21;;17;True
592;Adam;Male;30;22;;17;True
593;Lisa;Female;20;24;;17;True
594;Marie;Female;25;19;;17;True
595;Reinhardt;Male;27;84;;17;True
596;Eva;Female;28;47;;17;True
597;Johannes;Male;30;22;;17;True
598;Franz;Male;33;42;;17;True
599;Heinrich;Male;34;62;;17;True
600;Johan;Male;40;35;;17;True
601;Franz;Male;104;36;;17;True
602;Maria;Female;39;95;;17;True
603;Hans;Male;40;35;;17;True
604;Adam;Male;41;114;;17;True
605;Adam;Male;33;42;;17;True
606;Frida;Female;43;52;;17;True
607;Johan;Male;91;44;;17;True
608;Franz;Male;28;47;;17;True
609;Lisa;Female;48;119;;17;True
610;Hans;Male;61;50;;17;True
611;Michael;Male;43;52;;17;True
612;Reinhardt;Male;75;58;;17;True
613;Peter;Male;61;50;;17;True
614;Hans;Male;34;62;;17;True
615;Lena;Female;70;63;;17;True
616;Wilhelm;Male;103;64;;17;True
617;Reinhardt;Male;66;118;;17;True
618;Sonja;Female;70;63;;17;True
619;Hildegard;Female;75;58;;17;True
620;Franz;Male;137;77;;17;True
621;Berbel;Female;27;84;;17;True
622;Nina;Female;91;44;;17;True
623;Friedrich;Male;94;113;;17;True
624;Frida;Female;39;95;;17;True
625;Franz;Male;103;64;;17;True
626;Lisa;Female;104;36;;17;True
627;Lisa;Female;112;143;;17;True
628;Franz;Male;94;113;;17;True
629;Johannes;Male;41;114;;17;True
630;Svenja;Female;66;118;;17;True
631;Heinrich;Male;48;119;;17;True
632;Reinhardt;Male;120;122;;17;True
633;Uta;Female;120;122;;17;True
634;Johan;Male;125;158;;17;True
635;Günter;Male;137;77;;17;True
636;Peter;Male;138;21;;17;True
637;Franz;Male;112;143;;17;True
638;Berbel;Female;160;151;;17;True
639;Heinrich;Male;17;152;;17;True
640;Johan;Male;125;158;;17;True
641;Friedrich;Male;160;151;;17;True
642;Uwe;Male;5;7;;16;True
643;Michael;Male;6;11;;16;True
644;Hans;Male;5;7;;16;True
645;Adam;Male;6;11;;16;True
646;Michael;Male;13;14;;16;True
647;Uwe;Male;13;14;;16;True
648;Friedrich;Male;15;16;;16;True
649;Friedrich;Male;15;16;;16;True
650;Marie;Female;17;152;;16;True
651;Wilhelm;Male;25;19;;16;True
652;Uwe;Male;20;24;;16;True
653;Reinhardt;Male;138;21;;16;True
654;Hans;Male;30;22;;16;True
655;Johannes;Male;20;24;;16;True
656;Johanna;Female;25;19;;16;True
657;Günter;Male;27;84;;16;True
658;Franz;Male;28;47;;16;True
659;Nina;Female;30;22;;16;True
660;Heinrich;Male;46;31;;16;True
661;Marie;Female;33;42;;16;True
662;Marie;Female;34;62;;16;True
663;Johanna;Female;40;35;;16;True
664;Uta;Female;104;36;;16;True
665;Wilhelmina;Female;39;95;;16;True
666;Sonja;Female;40;35;;16;True
667;Berbel;Female;41;114;;16;True
668;Uta;Female;33;42;;16;True
669;Michael;Male;43;52;;16;True
670;Franz;Male;91;44;;16;True
671;Hildegard;Female;46;31;;16;True
672;Uwe;Male;28;47;;16;True
673;Lisa;Female;48;119;;16;True
674;Heinrich;Male;61;50;;16;True
675;Eva;Female;43;52;;16;True
676;Nina;Female;75;58;;16;True
677;Franz;Male;59;123;;16;True
678;Wilhelm;Male;61;50;;16;True
679;Berbel;Female;34;62;;16;True
680;Franz;Male;70;63;;16;True
681;Michael;Male;103;64;;16;True
682;Franz;Male;66;118;;16;True
683;Lena;Female;70;63;;16;True
684;Michael;Male;75;58;;16;True
685;Eva;Female;137;77;;16;True
686;Adam;Male;27;84;;16;True
687;Hans;Male;91;44;;16;True
688;Michael;Male;94;113;;16;True
689;Sonja;Female;39;95;;16;True
690;Nina;Female;103;64;;16;True
691;Uta;Female;104;36;;16;True
692;Frida;Female;110;145;;16;True
693;Wilhelmina;Female;112;143;;16;True
694;Nina;Female;94;113;;16;True
695;Peter;Male;41;114;;16;True
696;Svenja;Female;66;118;;16;True
697;Wilhelmina;Female;48;119;;16;True
698;Sonja;Female;120;122;;16;True
699;Hans;Male;120;122;;16;True
700;Johanna;Female;59;123;;16;True
701;Wilhelm;Male;125;158;;16;True
702;Eva;Female;37;135;;16;True
703;Heinrich;Male;137;77;;16;True
704;Wilhelm;Male;138;21;;16;True
705;Johan;Male;112;143;;16;True
706;Lisa;Female;110;145;;16;True
707;Adam;Male;26;149;;16;True
708;Franz;Male;160;151;;16;True
709;Johannes;Male;17;152;;16;True
710;Franz;Male;125;158;;16;True
711;Hans;Male;160;151;;16;True
712;Johan;Male;5;7;;15;True
713;Uwe;Male;6;11;;15;True
714;Adam;Male;5;7;;15;True
715;Lena;Female;6;11;;15;True
716;Wilhelm;Male;13;14;;15;True
717;Michael;Male;13;14;;15;True
718;Friedrich;Male;15;16;;15;True
719;Frida;Female;15;16;;15;True
720;Günter;Male;17;152;;15;True
721;Johan;Male;25;19;;15;True
722;Hildegard;Female;20;24;;15;True
723;Lena;Female;138;21;;15;True
724;Marie;Female;30;22;;15;True
725;Johanna;Female;20;24;;15;True
726;Uta;Female;25;19;;15;True
727;Heinrich;Male;26;149;;15;True
728;Svenja;Female;27;84;;15;True
729;Peter;Male;28;47;;15;True
730;Günter;Male;30;22;;15;True
731;Johan;Male;46;31;;15;True
732;Wilhelmina;Female;33;42;;15;True
733;Hans;Male;34;62;;15;True
734;Hans;Male;40;35;;15;True
735;Uwe;Male;104;36;;15;True
736;Franz;Male;37;135;;15;True
737;Günter;Male;39;95;;15;True
738;Lena;Female;40;35;;15;True
739;Reinhardt;Male;41;114;;15;True
740;Wilhelm;Male;33;42;;15;True
741;Hans;Male;43;52;;15;True
742;Franz;Male;91;44;;15;True
743;Hans;Male;46;31;;15;True
744;Hans;Male;28;47;;15;True
745;Uwe;Male;48;119;;15;True
746;Johannes;Male;61;50;;15;True
747;Nina;Female;43;52;;15;True
748;Hans;Male;67;55;;15;True
749;Lisa;Female;75;58;;15;True
750;Svenja;Female;59;123;;15;True
751;Nina;Female;61;50;;15;True
752;Sonja;Female;34;62;;15;True
753;Hildegard;Female;70;63;;15;True
754;Sonja;Female;103;64;;15;True
755;Lisa;Female;66;118;;15;True
756;Sonja;Female;67;55;;15;True
757;Peter;Male;70;63;;15;True
758;Johan;Male;93;73;;15;True
759;Günter;Male;75;58;;15;True
760;Friedrich;Male;137;77;;15;True
761;Uwe;Male;27;84;;15;True
762;Günter;Male;91;44;;15;True
763;Wilhelmina;Female;93;73;;15;True
764;Nina;Female;94;113;;15;True
765;Heinrich;Male;39;95;;15;True
766;Johannes;Male;103;64;;15;True
767;Hildegard;Female;104;36;;15;True
768;Sonja;Female;110;145;;15;True
769;Reinhardt;Male;112;143;;15;True
770;Maria;Female;94;113;;15;True
771;Frida;Female;41;114;;15;True
772;Günter;Male;66;118;;15;True
773;Adam;Male;48;119;;15;True
774;Wilhelmina;Female;120;122;;15;True
775;Hans;Male;179;121;;15;True
776;Friedrich;Male;120;122;;15;True
777;Uwe;Male;59;123;;15;True
778;Peter;Male;125;158;;15;True
779;Adam;Male;37;135;;15;True
780;Marie;Female;137;77;;15;True
781;Johan;Male;138;21;;15;True
782;Johanna;Female;112;143;;15;True
783;Marie;Female;110;145;;15;True
784;Reinhardt;Male;26;149;;15;True
785;Heinrich;Male;160;151;;15;True
786;Johan;Male;17;152;;15;True
787;Heinrich;Male;125;158;;15;True
788;Maria;Female;160;151;;15;True
789;Heinrich;Male;179;121;;15;True
790;Johan;Male;5;7;;14;True
791;Nina;Female;6;11;;14;True
792;Adam;Male;5;7;;14;True
793;Uwe;Male;6;11;;14;True
794;Franz;Male;13;14;;14;True
795;Lena;Female;15;16;;14;True
796;Friedrich;Male;15;16;;14;True
797;Michael;Male;17;152;;14;True
798;Lena;Female;25;19;;14;True
799;Wilhelm;Male;20;24;;14;True
800;Günter;Male;138;21;;14;True
801;Günter;Male;30;22;;14;True
802;Marie;Female;20;24;;14;True
803;Marie;Female;25;19;;14;True
804;Wilhelmina;Female;26;149;;14;True
805;Svenja;Female;27;84;;14;True
806;Wilhelm;Male;28;47;;14;True
807;Sonja;Female;30;22;;14;True
808;Johanna;Female;46;31;;14;True
809;Berbel;Female;33;42;;14;True
810;Frida;Female;34;62;;14;True
811;Frida;Female;40;35;;14;True
812;Heinrich;Male;104;36;;14;True
813;Nina;Female;37;135;;14;True
814;Friedrich;Male;39;95;;14;True
815;Johanna;Female;40;35;;14;True
816;Wilhelmina;Female;41;114;;14;True
817;Svenja;Female;33;42;;14;True
818;Günter;Male;43;52;;14;True
819;Hildegard;Female;91;44;;14;True
820;Sonja;Female;46;31;;14;True
821;Marie;Female;28;47;;14;True
822;Adam;Male;48;119;;14;True
823;Wilhelm;Male;61;50;;14;True
824;Johan;Male;43;52;;14;True
825;Hildegard;Female;67;55;;14;True
826;Wilhelm;Male;75;58;;14;True
827;Adam;Male;59;123;;14;True
828;Nina;Female;61;50;;14;True
829;Berbel;Female;34;62;;14;True
830;Lisa;Female;70;63;;14;True
831;Lisa;Female;103;64;;14;True
832;Friedrich;Male;66;118;;14;True
833;Wilhelmina;Female;67;55;;14;True
834;Johanna;Female;70;63;;14;True
835;Reinhardt;Male;93;73;;14;True
836;Svenja;Female;75;58;;14;True
837;Adam;Male;137;77;;14;True
838;Sonja;Female;27;84;;14;True
839;Adam;Male;91;44;;14;True
840;Maria;Female;93;73;;14;True
841;Wilhelmina;Female;94;113;;14;True
842;Uwe;Male;39;95;;14;True
843;Maria;Female;103;64;;14;True
844;Wilhelmina;Female;104;36;;14;True
845;Eva;Female;110;145;;14;True
846;Svenja;Female;112;143;;14;True
847;Lena;Female;94;113;;14;True
848;Berbel;Female;41;114;;14;True
849;Svenja;Female;66;118;;14;True
850;Sonja;Female;48;119;;14;True
851;Maria;Female;120;122;;14;True
852;Peter;Male;179;121;;14;True
853;Reinhardt;Male;120;122;;14;True
854;Johannes;Male;59;123;;14;True
855;Marie;Female;125;158;;14;True
856;Uwe;Male;129;182;;14;True
857;Lena;Female;37;135;;14;True
858;Maria;Female;137;77;;14;True
859;Sonja;Female;138;21;;14;True
860;Nina;Female;112;143;;14;True
861;Adam;Male;110;145;;14;True
862;Svenja;Female;26;149;;14;True
863;Wilhelmina;Female;160;151;;14;True
864;Lena;Female;17;152;;14;True
865;Adam;Male;175;157;;14;True
866;Michael;Male;125;158;;14;True
867;Lisa;Female;160;151;;14;True
868;Friedrich;Male;175;157;;14;True
869;Johanna;Female;179;121;;14;True
870;Peter;Male;129;182;;14;True
871;Michael;Male;191;189;;14;True
872;Reinhardt;Male;191;189;;14;True
873;Uwe;Male;5;7;;13;True
874;Reinhardt;Male;6;11;;13;True
875;Berbel;Female;5;7;;13;True
876;Heinrich;Male;6;11;;13;True
877;Michael;Male;13;14;;13;True
878;Reinhardt;Male;15;16;;13;True
879;Sonja;Female;15;16;;13;True
880;Friedrich;Male;17;152;;13;True
881;Hildegard;Female;25;19;;13;True
882;Heinrich;Male;20;24;;13;True
883;Johannes;Male;138;21;;13;True
884;Eva;Female;30;22;;13;True
885;Wilhelmina;Female;20;24;;13;True
886;Lena;Female;25;19;;13;True
887;Johan;Male;26;149;;13;True
888;Frida;Female;27;84;;13;True
889;Frida;Female;28;47;;13;True
890;Heinrich;Male;30;22;;13;True
891;Johanna;Female;46;31;;13;True
892;Günter;Male;33;42;;13;True
893;Johanna;Female;34;62;;13;True
894;Lisa;Female;40;35;;13;True
895;Wilhelm;Male;104;36;;13;True
896;Wilhelm;Male;37;135;;13;True
897;Svenja;Female;39;95;;13;True
898;Michael;Male;40;35;;13;True
899;Maria;Female;41;114;;13;True
900;Johannes;Male;33;42;;13;True
901;Eva;Female;43;52;;13;True
902;Uwe;Male;91;44;;13;True
903;Lena;Female;46;31;;13;True
904;Wilhelm;Male;28;47;;13;True
905;Maria;Female;48;119;;13;True
906;Friedrich;Male;61;50;;13;True
907;Marie;Female;43;52;;13;True
908;Heinrich;Male;67;55;;13;True
909;Uta;Female;75;58;;13;True
910;Reinhardt;Male;59;123;;13;True
911;Hans;Male;61;50;;13;True
912;Maria;Female;34;62;;13;True
913;Wilhelm;Male;70;63;;13;True
914;Berbel;Female;103;64;;13;True
915;Eva;Female;66;118;;13;True
916;Peter;Male;67;55;;13;True
917;Uta;Female;70;63;;13;True
918;Nina;Female;93;73;;13;True
919;Wilhelm;Male;75;58;;13;True
920;Franz;Male;137;77;;13;True
921;Lisa;Female;27;84;;13;True
922;Hans;Male;91;44;;13;True
923;Johannes;Male;93;73;;13;True
924;Eva;Female;94;113;;13;True
925;Johanna;Female;39;95;;13;True
926;Hildegard;Female;103;64;;13;True
927;Eva;Female;104;36;;13;True
928;Peter;Male;110;145;;13;True
929;Nina;Female;112;143;;13;True
930;Sonja;Female;94;113;;13;True
931;Franz;Male;41;114;;13;True
932;Svenja;Female;66;118;;13;True
933;Frida;Female;48;119;;13;True
934;Franz;Male;120;122;;13;True
935;Wilhelm;Male;179;121;;13;True
936;Hildegard;Female;120;122;;13;True
937;Wilhelmina;Female;59;123;;13;True
938;Johan;Male;125;158;;13;True
939;Eva;Female;129;182;;13;True
940;Maria;Female;37;135;;13;True
941;Reinhardt;Male;137;77;;13;True
942;Lena;Female;138;21;;13;True
943;Hildegard;Female;112;143;;13;True
944;Wilhelm;Male;110;145;;13;True
945;Reinhardt;Male;26;149;;13;True
946;Lisa;Female;160;151;;13;True
947;Johannes;Male;17;152;;13;True
948;Hildegard;Female;175;157;;13;True
949;Maria;Female;125;158;;13;True
950;Friedrich;Male;160;151;;13;True
951;Nina;Female;175;157;;13;True
952;Heinrich;Male;196;178;;13;True
953;Hildegard;Female;179;121;;13;True
954;Svenja;Female;129;182;;13;True
955;Franz;Male;191;189;;13;True
956;Wilhelm;Male;191;189;;13;True
957;Nina;Female;196;178;;13;True
958;Heinrich;Male;216;74;;13;True
959;Sonja;Female;5;7;;12;True
960;Frida;Female;6;11;;12;True
961;Franz;Male;5;7;;12;True
962;Johanna;Female;15;16;;12;True
963;Hans;Male;15;16;;12;True
964;Johan;Male;17;152;;12;True
965;Johannes;Male;25;19;;12;True
966;Uwe;Male;20;24;;12;True
967;Wilhelm;Male;138;21;;12;True
968;Johannes;Male;30;22;;12;True
969;Günter;Male;20;24;;12;True
970;Hildegard;Female;25;19;;12;True
971;Günter;Male;26;149;;12;True
972;Johan;Male;27;84;;12;True
973;Johan;Male;28;47;;12;True
974;Wilhelm;Male;30;22;;12;True
975;Franz;Male;46;31;;12;True
976;Günter;Male;33;42;;12;True
977;Johannes;Male;34;62;;12;True
978;Maria;Female;40;35;;12;True
979;Maria;Female;104;36;;12;True
980;Berbel;Female;37;135;;12;True
981;Johan;Male;39;95;;12;True
982;Nina;Female;40;35;;12;True
983;Franz;Male;41;114;;12;True
984;Hans;Male;33;42;;12;True
985;Uta;Female;43;52;;12;True
986;Johanna;Female;91;44;;12;True
987;Wilhelmina;Female;46;31;;12;True
988;Heinrich;Male;28;47;;12;True
989;Marie;Female;48;119;;12;True
990;Peter;Male;61;50;;12;True
991;Johan;Male;43;52;;12;True
992;Reinhardt;Male;67;55;;12;True
993;Günter;Male;75;58;;12;True
994;Adam;Male;59;123;;12;True
995;Reinhardt;Male;61;50;;12;True
996;Uwe;Male;34;62;;12;True
997;Wilhelm;Male;70;63;;12;True
998;Adam;Male;103;64;;12;True
999;Eva;Female;66;118;;12;True
1000;Svenja;Female;67;55;;12;True
1001;Wilhelm;Male;70;63;;12;True
1002;Friedrich;Male;93;73;;12;True
1003;Adam;Male;216;74;;12;True
1004;Reinhardt;Male;75;58;;12;True
1005;Berbel;Female;137;77;;12;True
1006;Friedrich;Male;27;84;;12;True
1007;Johan;Male;91;44;;12;True
1008;Hildegard;Female;93;73;;12;True
1009;Uta;Female;94;113;;12;True
1010;Johannes;Male;39;95;;12;True
1011;Eva;Female;103;64;;12;True
1012;Svenja;Female;104;36;;12;True
1013;Günter;Male;110;145;;12;True
1014;Uta;Female;112;143;;12;True
1015;Johannes;Male;94;113;;12;True
1016;Adam;Male;41;114;;12;True
1017;Wilhelmina;Female;66;118;;12;True
1018;Lisa;Female;48;119;;12;True
1019;Berbel;Female;120;122;;12;True
1020;Marie;Female;179;121;;12;True
1021;Maria;Female;120;122;;12;True
1022;Uwe;Male;59;123;;12;True
1023;Günter;Male;125;158;;12;True
1024;Johan;Male;129;182;;12;True
1025;Lisa;Female;37;135;;12;True
1026;Friedrich;Male;137;77;;12;True
1027;Eva;Female;138;21;;12;True
1028;Adam;Male;112;143;;12;True
1029;Lena;Female;110;145;;12;True
1030;Günter;Male;26;149;;12;True
1031;Nina;Female;160;151;;12;True
1032;Lena;Female;17;152;;12;True
1033;Eva;Female;175;157;;12;True
1034;Wilhelm;Male;125;158;;12;True
1035;Uta;Female;160;151;;12;True
1036;Svenja;Female;175;157;;12;True
1037;Johannes;Male;196;178;;12;True
1038;Uwe;Male;179;121;;12;True
1039;Nina;Female;129;182;;12;True
1040;Frida;Female;183;222;;12;True
1041;Johanna;Female;191;189;;12;True
1042;Sonja;Female;191;189;;12;True
1043;Marie;Female;196;178;;12;True
1044;Franz;Male;216;74;;12;True
1045;Wilhelm;Male;183;222;;12;True
1046;Franz;Male;5;7;;11;True
1047;Lena;Female;6;11;;11;True
1048;Sonja;Female;15;16;;11;True
1049;Uta;Female;15;16;;11;True
1050;Peter;Male;17;152;;11;True
1051;Johannes;Male;25;19;;11;True
1052;Svenja;Female;20;24;;11;True
1053;Friedrich;Male;138;21;;11;True
1054;Uta;Female;30;22;;11;True
1055;Reinhardt;Male;20;24;;11;True
1056;Uta;Female;25;19;;11;True
1057;Uwe;Male;26;149;;11;True
1058;Wilhelm;Male;27;84;;11;True
1059;Lena;Female;28;47;;11;True
1060;Uwe;Male;30;22;;11;True
1061;Wilhelm;Male;46;31;;11;True
1062;Hildegard;Female;33;42;;11;True
1063;Johan;Male;34;62;;11;True
1064;Hildegard;Female;40;35;;11;True
1065;Marie;Female;104;36;;11;True
1066;Heinrich;Male;37;135;;11;True
1067;Adam;Male;39;95;;11;True
1068;Eva;Female;40;35;;11;True
1069;Frida;Female;41;114;;11;True
1070;Johan;Male;33;42;;11;True
1071;Eva;Female;43;52;;11;True
1072;Eva;Female;91;44;;11;True
1073;Friedrich;Male;46;31;;11;True
1074;Johanna;Female;28;47;;11;True
1075;Svenja;Female;48;119;;11;True
1076;Marie;Female;61;50;;11;True
1077;Friedrich;Male;43;52;;11;True
1078;Wilhelm;Male;67;55;;11;True
1079;Günter;Male;75;58;;11;True
1080;Wilhelmina;Female;59;123;;11;True
1081;Franz;Male;61;50;;11;True
1082;Johanna;Female;34;62;;11;True
1083;Maria;Female;70;63;;11;True
1084;Nina;Female;103;64;;11;True
1085;Lena;Female;66;118;;11;True
1086;Johanna;Female;67;55;;11;True
1087;Günter;Male;70;63;;11;True
1088;Adam;Male;93;73;;11;True
1089;Adam;Male;216;74;;11;True
1090;Johannes;Male;75;58;;11;True
1091;Franz;Male;137;77;;11;True
1092;Svenja;Female;79;209;;11;True
1093;Marie;Female;27;84;;11;True
1094;Hans;Male;91;44;;11;True
1095;Hildegard;Female;93;73;;11;True
1096;Uta;Female;94;113;;11;True
1097;Marie;Female;39;95;;11;True
1098;Maria;Female;103;64;;11;True
1099;Uta;Female;104;36;;11;True
1100;Uwe;Male;105;106;;11;True
1101;Friedrich;Male;105;106;;11;True
1102;Heinrich;Male;110;145;;11;True
1103;Hans;Male;112;143;;11;True
1104;Eva;Female;94;113;;11;True
1105;Adam;Male;41;114;;11;True
1106;Lena;Female;66;118;;11;True
1107;Heinrich;Male;48;119;;11;True
1108;Peter;Male;120;122;;11;True
1109;Michael;Male;179;121;;11;True
1110;Uta;Female;120;122;;11;True
1111;Nina;Female;59;123;;11;True
1112;Frida;Female;125;158;;11;True
1113;Wilhelm;Male;129;182;;11;True
1114;Johannes;Male;37;135;;11;True
1115;Wilhelm;Male;137;77;;11;True
1116;Hildegard;Female;138;21;;11;True
1117;Svenja;Female;112;143;;11;True
1118;Eva;Female;110;145;;11;True
1119;Franz;Male;26;149;;11;True
1120;Frida;Female;160;151;;11;True
1121;Johannes;Male;17;152;;11;True
1122;Lisa;Female;175;157;;11;True
1123;Johan;Male;125;158;;11;True
1124;Svenja;Female;171;159;;11;True
1125;Uta;Female;160;151;;11;True
1126;Sonja;Female;171;159;;11;True
1127;Marie;Female;175;157;;11;True
1128;Hildegard;Female;196;178;;11;True
1129;Reinhardt;Male;179;121;;11;True
1130;Nina;Female;129;182;;11;True
1131;Johanna;Female;183;222;;11;True
1132;Svenja;Female;241;187;;11;True
1133;Johan;Male;191;189;;11;True
1134;Michael;Male;191;189;;11;True
1135;Eva;Female;196;178;;11;True
1136;Frida;Female;79;209;;11;True
1137;Reinhardt;Male;216;74;;11;True
1138;Marie;Female;183;222;;11;True
1139;Maria;Female;241;187;;11;True
1140;Uwe;Male;5;7;;10;True
1141;Sonja;Female;6;11;;10;True
1142;Eva;Female;15;16;;10;True
1143;Peter;Male;15;16;;10;True
1144;Günter;Male;17;152;;10;True
1145;Lisa;Female;25;19;;10;True
1146;Heinrich;Male;20;24;;10;True
1147;Lisa;Female;138;21;;10;True
1148;Johanna;Female;30;22;;10;True
1149;Günter;Male;20;24;;10;True
1150;Maria;Female;25;19;;10;True
1151;Svenja;Female;26;149;;10;True
1152;Reinhardt;Male;27;84;;10;True
1153;Uta;Female;28;47;;10;True
1154;Svenja;Female;30;22;;10;True
1155;Uwe;Male;46;31;;10;True
1156;Uta;Female;33;42;;10;True
1157;Johannes;Male;34;62;;10;True
1158;Peter;Male;40;35;;10;True
1159;Hildegard;Female;104;36;;10;True
1160;Marie;Female;37;135;;10;True
1161;Hildegard;Female;39;95;;10;True
1162;Franz;Male;40;35;;10;True
1163;Maria;Female;41;114;;10;True
1164;Marie;Female;33;42;;10;True
1165;Franz;Male;43;52;;10;True
1166;Maria;Female;91;44;;10;True
1167;Berbel;Female;46;31;;10;True
1168;Berbel;Female;28;47;;10;True
1169;Hildegard;Female;48;119;;10;True
1170;Eva;Female;61;50;;10;True
1171;Wilhelm;Male;43;52;;10;True
1172;Uwe;Male;67;55;;10;True
1173;Svenja;Female;75;58;;10;True
1174;Nina;Female;59;123;;10;True
1175;Peter;Male;61;50;;10;True
1176;Johan;Male;34;62;;10;True
1177;Reinhardt;Male;70;63;;10;True
1178;Günter;Male;103;64;;10;True
1179;Uwe;Male;66;118;;10;True
1180;Uwe;Male;67;55;;10;True
1181;Johanna;Female;70;63;;10;True
1182;Johan;Male;93;73;;10;True
1183;Uwe;Male;216;74;;10;True
1184;Johanna;Female;75;58;;10;True
1185;Reinhardt;Male;137;77;;10;True
1186;Sonja;Female;79;209;;10;True
1187;Maria;Female;27;84;;10;True
1188;Hans;Male;91;44;;10;True
1189;Lisa;Female;93;73;;10;True
1190;Nina;Female;94;113;;10;True
1191;Eva;Female;39;95;;10;True
1192;Marie;Female;103;64;;10;True
1193;Svenja;Female;104;36;;10;True
1194;Sonja;Female;105;106;;10;True
1195;Nina;Female;105;106;;10;True
1196;Hildegard;Female;110;145;;10;True
1197;Wilhelm;Male;112;143;;10;True
1198;Uwe;Male;94;113;;10;True
1199;Adam;Male;41;114;;10;True
1200;Günter;Male;66;118;;10;True
1201;Lena;Female;48;119;;10;True
1202;Heinrich;Male;120;122;;10;True
1203;Maria;Female;179;121;;10;True
1204;Reinhardt;Male;120;122;;10;True
1205;Wilhelm;Male;59;123;;10;True
1206;Marie;Female;125;158;;10;True
1207;Wilhelm;Male;129;182;;10;True
1208;Maria;Female;37;135;;10;True
1209;Wilhelmina;Female;137;77;;10;True
1210;Sonja;Female;138;21;;10;True
1211;Peter;Male;112;143;;10;True
1212;Sonja;Female;110;145;;10;True
1213;Svenja;Female;26;149;;10;True
1214;Uta;Female;160;151;;10;True
1215;Peter;Male;17;152;;10;True
1216;Maria;Female;175;157;;10;True
1217;Reinhardt;Male;125;158;;10;True
1218;Svenja;Female;171;159;;10;True
1219;Hans;Male;160;151;;10;True
1220;Svenja;Female;171;159;;10;True
1221;Wilhelm;Male;175;157;;10;True
1222;Marie;Female;196;178;;10;True
1223;Uta;Female;179;121;;10;True
1224;Johan;Male;129;182;;10;True
1225;Johannes;Male;183;222;;10;True
1226;Hans;Male;241;187;;10;True
1227;Adam;Male;191;189;;10;True
1228;Adam;Male;191;189;;10;True
1229;Hildegard;Female;196;178;;10;True
1230;Adam;Male;204;199;;10;True
1231;Wilhelm;Male;204;199;;10;True
1232;Heinrich;Male;79;209;;10;True
1233;Uwe;Male;214;261;;10;True
1234;Adam;Male;51;215;;10;True
1235;Nina;Female;216;74;;10;True
1236;Wilhelm;Male;183;222;;10;True
1237;Heinrich;Male;71;225;;10;True
1238;Nina;Female;147;232;;10;True
1239;Johannes;Male;241;187;;10;True
1240;Berbel;Female;214;261;;10;True
1241;Nina;Female;5;7;;9;True
1242;Maria;Female;6;11;;9;True
1243;Friedrich;Male;15;16;;9;True
1244;Johanna;Female;15;16;;9;True
1245;Günter;Male;17;152;;9;True
1246;Svenja;Female;25;19;;9;True
1247;Nina;Female;20;24;;9;True
1248;Michael;Male;138;21;;9;True
1249;Uwe;Male;30;22;;9;True
1250;Nina;Female;25;19;;9;True
1251;Michael;Male;26;149;;9;True
1252;Eva;Female;27;84;;9;True
1253;Johan;Male;28;47;;9;True
1254;Heinrich;Male;30;22;;9;True
1255;Adam;Male;46;31;;9;True
1256;Lena;Female;33;42;;9;True
1257;Heinrich;Male;34;62;;9;True
1258;Wilhelmina;Female;40;35;;9;True
1259;Johannes;Male;104;36;;9;True
1260;Johan;Male;37;135;;9;True
1261;Heinrich;Male;39;95;;9;True
1262;Lisa;Female;40;35;;9;True
1263;Hildegard;Female;41;114;;9;True
1264;Adam;Male;33;42;;9;True
1265;Friedrich;Male;43;52;;9;True
1266;Uwe;Male;91;44;;9;True
1267;Lisa;Female;46;31;;9;True
1268;Maria;Female;28;47;;9;True
1269;Maria;Female;48;119;;9;True
1270;Johannes;Male;61;50;;9;True
1271;Friedrich;Male;51;215;;9;True
1272;Frida;Female;43;52;;9;True
1273;Eva;Female;67;55;;9;True
1274;Franz;Male;75;58;;9;True
1275;Frida;Female;59;123;;9;True
1276;Marie;Female;61;50;;9;True
1277;Maria;Female;34;62;;9;True
1278;Maria;Female;70;63;;9;True
1279;Wilhelmina;Female;103;64;;9;True
1280;Lena;Female;66;118;;9;True
1281;Nina;Female;67;55;;9;True
1282;Hildegard;Female;70;63;;9;True
1283;Günter;Male;71;225;;9;True
1284;Eva;Female;93;73;;9;True
1285;Frida;Female;216;74;;9;True
1286;Frida;Female;75;58;;9;True
1287;Michael;Male;137;77;;9;True
1288;Heinrich;Male;79;209;;9;True
1289;Maria;Female;27;84;;9;True
1290;Lena;Female;91;44;;9;True
1291;Heinrich;Male;93;73;;9;True
1292;Uwe;Male;94;113;;9;True
1293;Friedrich;Male;39;95;;9;True
1294;Frida;Female;103;64;;9;True
1295;Johannes;Male;104;36;;9;True
1296;Johanna;Female;105;106;;9;True
1297;Marie;Female;105;106;;9;True
1298;Hans;Male;110;145;;9;True
1299;Svenja;Female;29;111;;9;True
1300;Lena;Female;112;143;;9;True
1301;Heinrich;Male;94;113;;9;True
1302;Berbel;Female;41;114;;9;True
1303;Friedrich;Male;66;118;;9;True
1304;Berbel;Female;48;119;;9;True
1305;Adam;Male;120;122;;9;True
1306;Wilhelm;Male;179;121;;9;True
1307;Lena;Female;120;122;;9;True
1308;Günter;Male;59;123;;9;True
1309;Friedrich;Male;125;158;;9;True
1310;Lisa;Female;126;148;;9;True
1311;Johannes;Male;129;182;;9;True
1312;Lena;Female;37;135;;9;True
1313;Günter;Male;137;77;;9;True
1314;Franz;Male;138;21;;9;True
1315;Eva;Female;112;143;;9;True
1316;Günter;Male;110;145;;9;True
1317;Uta;Female;147;232;;9;True
1318;Sonja;Female;126;148;;9;True
1319;Johannes;Male;26;149;;9;True
1320;Michael;Male;160;151;;9;True
1321;Uwe;Male;17;152;;9;True
1322;Johannes;Male;175;157;;9;True
1323;Eva;Female;125;158;;9;True
1324;Uta;Female;171;159;;9;True
1325;Uwe;Male;160;151;;9;True
1326;Johan;Male;171;159;;9;True
1327;Maria;Female;175;157;;9;True
1328;Wilhelm;Male;196;178;;9;True
1329;Maria;Female;179;121;;9;True
1330;Johanna;Female;129;182;;9;True
1331;Frida;Female;183;222;;9;True
1332;Maria;Female;241;187;;9;True
1333;Svenja;Female;191;189;;9;True
1334;Eva;Female;191;189;;9;True
1335;Johanna;Female;196;178;;9;True
1336;Frida;Female;204;199;;9;True
1337;Wilhelm;Male;204;199;;9;True
1338;Uta;Female;79;209;;9;True
1339;Adam;Male;214;261;;9;True
1340;Hildegard;Female;51;215;;9;True
1341;Marie;Female;216;74;;9;True
1342;Günter;Male;183;222;;9;True
1343;Lena;Female;71;225;;9;True
1344;Svenja;Female;147;232;;9;True
1345;Wilhelmina;Female;241;187;;9;True
1346;Johannes;Male;245;253;;9;True
1347;Adam;Male;245;253;;9;True
1348;Uta;Female;255;115;;9;True
1349;Johan;Male;214;261;;9;True
1350;Nina;Female;273;78;;9;True
1351;Berbel;Female;6;11;;8;True
1352;Hildegard;Female;15;16;;8;True
1353;Uwe;Male;15;16;;8;True
1354;Uta;Female;17;152;;8;True
1355;Michael;Male;25;19;;8;True
1356;Sonja;Female;20;24;;8;True
1357;Adam;Male;138;21;;8;True
1358;Hans;Male;30;22;;8;True
1359;Svenja;Female;26;149;;8;True
1360;Michael;Male;27;84;;8;True
1361;Nina;Female;28;47;;8;True
1362;Maria;Female;29;111;;8;True
1363;Reinhardt;Male;30;22;;8;True
1364;Adam;Male;46;31;;8;True
1365;Hans;Male;33;42;;8;True
1366;Johannes;Male;34;62;;8;True
1367;Franz;Male;40;35;;8;True
1368;Michael;Male;104;36;;8;True
1369;Lena;Female;37;135;;8;True
1370;Hildegard;Female;39;95;;8;True
1371;Uwe;Male;40;35;;8;True
1372;Johanna;Female;41;114;;8;True
1373;Lena;Female;33;42;;8;True
1374;Adam;Male;43;52;;8;True
1375;Nina;Female;91;44;;8;True
1376;Michael;Male;46;31;;8;True
1377;Johannes;Male;28;47;;8;True
1378;Peter;Male;48;119;;8;True
1379;Johanna;Female;61;50;;8;True
1380;Eva;Female;51;215;;8;True
1381;Lena;Female;43;52;;8;True
1382;Johanna;Female;67;55;;8;True
1383;Friedrich;Male;75;58;;8;True
1384;Uta;Female;59;123;;8;True
1385;Peter;Male;61;50;;8;True
1386;Frida;Female;34;62;;8;True
1387;Wilhelmina;Female;70;63;;8;True
1388;Michael;Male;103;64;;8;True
1389;Uta;Female;66;118;;8;True
1390;Marie;Female;67;55;;8;True
1391;Michael;Male;70;63;;8;True
1392;Franz;Male;71;225;;8;True
1393;Wilhelm;Male;93;73;;8;True
1394;Berbel;Female;216;74;;8;True
1395;Frida;Female;75;58;;8;True
1396;Günter;Male;137;77;;8;True
1397;Hildegard;Female;273;78;;8;True
1398;Michael;Male;79;209;;8;True
1399;Peter;Male;27;84;;8;True
1400;Friedrich;Male;91;44;;8;True
1401;Hildegard;Female;93;73;;8;True
1402;Eva;Female;94;113;;8;True
1403;Johanna;Female;39;95;;8;True
1404;Heinrich;Male;103;64;;8;True
1405;Uwe;Male;104;36;;8;True
1406;Reinhardt;Male;105;106;;8;True
1407;Eva;Female;105;106;;8;True
1408;Lisa;Female;110;145;;8;True
1409;Wilhelmina;Female;29;111;;8;True
1410;Svenja;Female;112;143;;8;True
1411;Berbel;Female;94;113;;8;True
1412;Sonja;Female;41;114;;8;True
1413;Reinhardt;Male;255;115;;8;True
1414;Frida;Female;66;118;;8;True
1415;Hildegard;Female;48;119;;8;True
1416;Nina;Female;120;122;;8;True
1417;Wilhelm;Male;179;121;;8;True
1418;Johanna;Female;120;122;;8;True
1419;Frida;Female;59;123;;8;True
1420;Adam;Male;125;158;;8;True
1421;Lisa;Female;126;148;;8;True
1422;Lena;Female;129;182;;8;True
1423;Svenja;Female;37;135;;8;True
1424;Uta;Female;137;77;;8;True
1425;Johannes;Male;138;21;;8;True
1426;Peter;Male;112;143;;8;True
1427;Nina;Female;110;145;;8;True
1428;Reinhardt;Male;147;232;;8;True
1429;Johan;Male;126;148;;8;True
1430;Günter;Male;26;149;;8;True
1431;Wilhelm;Male;160;151;;8;True
1432;Franz;Male;17;152;;8;True
1433;Berbel;Female;175;157;;8;True
1434;Lena;Female;125;158;;8;True
1435;Franz;Male;171;159;;8;True
1436;Nina;Female;160;151;;8;True
1437;Adam;Male;171;159;;8;True
1438;Hildegard;Female;175;157;;8;True
1439;Lena;Female;196;178;;8;True
1440;Maria;Female;179;121;;8;True
1441;Hildegard;Female;129;182;;8;True
1442;Peter;Male;183;222;;8;True
1443;Johan;Male;241;187;;8;True
1444;Friedrich;Male;191;189;;8;True
1445;Heinrich;Male;191;189;;8;True
1446;Adam;Male;196;178;;8;True
1447;Marie;Female;204;199;;8;True
1448;Uta;Female;204;199;;8;True
1449;Adam;Male;79;209;;8;True
1450;Uta;Female;214;261;;8;True
1451;Wilhelm;Male;51;215;;8;True
1452;Uta;Female;216;74;;8;True
1453;Reinhardt;Male;277;217;;8;True
1454;Johannes;Male;183;222;;8;True
1455;Michael;Male;71;225;;8;True
1456;Peter;Male;147;232;;8;True
1457;Günter;Male;241;187;;8;True
1458;Frida;Female;245;253;;8;True
1459;Günter;Male;245;253;;8;True
1460;Frida;Female;255;115;;8;True
1461;Johannes;Male;214;261;;8;True
1462;Heinrich;Male;273;78;;8;True
1463;Lena;Female;277;217;;8;True
1464;Hildegard;Female;278;298;;8;True
1465;Heinrich;Male;278;298;;8;True
1466;Adam;Male;15;16;;7;True
1467;Johannes;Male;15;16;;7;True
1468;Heinrich;Male;17;152;;7;True
1469;Friedrich;Male;25;19;;7;True
1470;Wilhelmina;Female;20;24;;7;True
1471;Friedrich;Male;30;22;;7;True
1472;Uta;Female;26;149;;7;True
1473;Wilhelmina;Female;27;84;;7;True
1474;Johan;Male;28;47;;7;True
1475;Adam;Male;29;111;;7;True
1476;Reinhardt;Male;30;22;;7;True
1477;Lena;Female;46;31;;7;True
1478;Peter;Male;33;42;;7;True
1479;Friedrich;Male;34;62;;7;True
1480;Marie;Female;40;35;;7;True
1481;Maria;Female;104;36;;7;True
1482;Wilhelmina;Female;37;135;;7;True
1483;Nina;Female;39;95;;7;True
1484;Eva;Female;40;35;;7;True
1485;Heinrich;Male;41;114;;7;True
1486;Maria;Female;33;42;;7;True
1487;Uwe;Male;43;52;;7;True
1488;Peter;Male;91;44;;7;True
1489;Günter;Male;46;31;;7;True
1490;Günter;Male;28;47;;7;True
1491;Heinrich;Male;48;119;;7;True
1492;Peter;Male;61;50;;7;True
1493;Uwe;Male;51;215;;7;True
1494;Lisa;Female;43;52;;7;True
1495;Michael;Male;67;55;;7;True
1496;Hildegard;Female;75;58;;7;True
1497;Marie;Female;59;123;;7;True
1498;Peter;Male;61;50;;7;True
1499;Hans;Male;34;62;;7;True
1500;Hildegard;Female;70;63;;7;True
1501;Johan;Male;103;64;;7;True
1502;Maria;Female;66;118;;7;True
1503;Friedrich;Male;67;55;;7;True
1504;Marie;Female;70;63;;7;True
1505;Günter;Male;71;225;;7;True
1506;Johannes;Male;93;73;;7;True
1507;Heinrich;Male;216;74;;7;True
1508;Maria;Female;75;58;;7;True
1509;Franz;Male;137;77;;7;True
1510;Lena;Female;273;78;;7;True
1511;Michael;Male;79;209;;7;True
1512;Johanna;Female;27;84;;7;True
1513;Sonja;Female;91;44;;7;True
1514;Friedrich;Male;93;73;;7;True
1515;Reinhardt;Male;94;113;;7;True
1516;Michael;Male;39;95;;7;True
1517;Maria;Female;98;144;;7;True
1518;Michael;Male;103;64;;7;True
1519;Marie;Female;104;36;;7;True
1520;Wilhelm;Male;105;106;;7;True
1521;Johannes;Male;105;106;;7;True
1522;Günter;Male;110;145;;7;True
1523;Reinhardt;Male;29;111;;7;True
1524;Lisa;Female;112;143;;7;True
1525;Lisa;Female;94;113;;7;True
1526;Johanna;Female;41;114;;7;True
1527;Uta;Female;255;115;;7;True
1528;Lena;Female;66;118;;7;True
1529;Johannes;Male;48;119;;7;True
1530;Franz;Male;120;122;;7;True
1531;Uwe;Male;179;121;;7;True
1532;Peter;Male;120;122;;7;True
1533;Marie;Female;59;123;;7;True
1534;Wilhelm;Male;125;158;;7;True
1535;Lena;Female;126;148;;7;True
1536;Lisa;Female;129;182;;7;True
1537;Peter;Male;37;135;;7;True
1538;Friedrich;Male;137;77;;7;True
1539;Svenja;Female;138;21;;7;True
1540;Reinhardt;Male;112;143;;7;True
1541;Michael;Male;98;144;;7;True
1542;Adam;Male;110;145;;7;True
1543;Sonja;Female;147;232;;7;True
1544;Sonja;Female;126;148;;7;True
1545;Eva;Female;26;149;;7;True
1546;Peter;Male;160;151;;7;True
1547;Günter;Male;17;152;;7;True
1548;Günter;Male;175;157;;7;True
1549;Johan;Male;125;158;;7;True
1550;Michael;Male;171;159;;7;True
1551;Adam;Male;160;151;;7;True
1552;Günter;Male;171;159;;7;True
1553;Maria;Female;175;157;;7;True
1554;Nina;Female;196;178;;7;True
1555;Johan;Male;179;121;;7;True
1556;Frida;Female;129;182;;7;True
1557;Hans;Male;183;222;;7;True
1558;Eva;Female;241;187;;7;True
1559;Marie;Female;191;189;;7;True
1560;Frida;Female;191;189;;7;True
1561;Uwe;Male;196;178;;7;True
1562;Lisa;Female;204;199;;7;True
1563;Marie;Female;204;199;;7;True
1564;Uwe;Male;79;209;;7;True
1565;Johan;Male;214;261;;7;True
1566;Johan;Male;51;215;;7;True
1567;Nina;Female;216;74;;7;True
1568;Marie;Female;277;217;;7;True
1569;Reinhardt;Male;183;222;;7;True
1570;Berbel;Female;71;225;;7;True
1571;Lena;Female;147;232;;7;True
1572;Johanna;Female;241;187;;7;True
1573;Marie;Female;245;253;;7;True
1574;Johan;Male;245;253;;7;True
1575;Marie;Female;255;115;;7;True
1576;Reinhardt;Male;214;261;;7;True
1577;Reinhardt;Male;301;265;;7;True
1578;Svenja;Female;273;78;;7;True
1579;Johanna;Female;277;217;;7;True
1580;Nina;Female;278;298;;7;True
1581;Friedrich;Male;278;298;;7;True
1582;Eva;Female;301;265;;7;True
1583;Uwe;Male;15;16;;6;True
1584;Friedrich;Male;15;16;;6;True
1585;Hans;Male;20;24;;6;True
1586;Wilhelm;Male;30;22;;6;True
1587;Maria;Female;26;149;;6;True
1588;Adam;Male;28;47;;6;True
1589;Friedrich;Male;30;22;;6;True
1590;Nina;Female;46;31;;6;True
1591;Frida;Female;33;42;;6;True
1592;Friedrich;Male;34;62;;6;True
1593;Marie;Female;40;35;;6;True
1594;Reinhardt;Male;104;36;;6;True
1595;Wilhelmina;Female;37;135;;6;True
1596;Lisa;Female;39;95;;6;True
1597;Günter;Male;40;35;;6;True
1598;Eva;Female;41;114;;6;True
1599;Wilhelm;Male;33;42;;6;True
1600;Svenja;Female;43;52;;6;True
1601;Eva;Female;91;44;;6;True
1602;Adam;Male;46;31;;6;True
1603;Wilhelm;Male;28;47;;6;True
1604;Reinhardt;Male;48;119;;6;True
1605;Wilhelmina;Female;61;50;;6;True
1606;Reinhardt;Male;51;215;;6;True
1607;Günter;Male;43;52;;6;True
1608;Günter;Male;67;55;;6;True
1609;Uta;Female;75;58;;6;True
1610;Eva;Female;59;123;;6;True
1611;Franz;Male;61;50;;6;True
1612;Lisa;Female;34;62;;6;True
1613;Johan;Male;70;63;;6;True
1614;Maria;Female;103;64;;6;True
1615;Michael;Male;66;118;;6;True
1616;Friedrich;Male;67;55;;6;True
1617;Uta;Female;70;63;;6;True
1618;Uta;Female;71;225;;6;True
1619;Hans;Male;93;73;;6;True
1620;Svenja;Female;216;74;;6;True
1621;Friedrich;Male;75;58;;6;True
1622;Johan;Male;137;77;;6;True
1623;Eva;Female;273;78;;6;True
1624;Wilhelmina;Female;79;209;;6;True
1625;Lisa;Female;27;84;;6;True
1626;Frida;Female;91;44;;6;True
1627;Adam;Male;93;73;;6;True
1628;Franz;Male;94;113;;6;True
1629;Franz;Male;39;95;;6;True
1630;Eva;Female;98;144;;6;True
1631;Michael;Male;103;64;;6;True
1632;Hans;Male;104;36;;6;True
1633;Frida;Female;105;106;;6;True
1634;Adam;Male;105;106;;6;True
1635;Nina;Female;110;145;;6;True
1636;Berbel;Female;29;111;;6;True
1637;Adam;Male;112;143;;6;True
1638;Adam;Male;94;113;;6;True
1639;Lena;Female;41;114;;6;True
1640;Lisa;Female;255;115;;6;True
1641;Marie;Female;66;118;;6;True
1642;Johan;Male;48;119;;6;True
1643;Michael;Male;120;122;;6;True
1644;Johanna;Female;179;121;;6;True
1645;Johannes;Male;120;122;;6;True
1646;Eva;Female;59;123;;6;True
1647;Hans;Male;125;158;;6;True
1648;Berbel;Female;126;148;;6;True
1649;Michael;Male;129;182;;6;True
1650;Hans;Male;37;135;;6;True
1651;Uta;Female;137;77;;6;True
1652;Svenja;Female;138;21;;6;True
1653;Johannes;Male;112;143;;6;True
1654;Nina;Female;98;144;;6;True
1655;Friedrich;Male;110;145;;6;True
1656;Eva;Female;147;232;;6;True
1657;Maria;Female;126;148;;6;True
1658;Lena;Female;26;149;;6;True
1659;Johanna;Female;160;151;;6;True
1660;Berbel;Female;17;152;;6;True
1661;Johannes;Male;175;157;;6;True
1662;Wilhelm;Male;125;158;;6;True
1663;Peter;Male;171;159;;6;True
1664;Friedrich;Male;160;151;;6;True
1665;Friedrich;Male;170;223;;6;True
1666;Frida;Female;171;159;;6;True
1667;Friedrich;Male;175;157;;6;True
1668;Michael;Male;196;178;;6;True
1669;Frida;Female;179;121;;6;True
1670;Lena;Female;129;182;;6;True
1671;Johannes;Male;183;222;;6;True
1672;Nina;Female;186;260;;6;True
1673;Wilhelmina;Female;241;187;;6;True
1674;Uta;Female;191;189;;6;True
1675;Peter;Male;191;189;;6;True
1676;Lisa;Female;196;178;;6;True
1677;Hildegard;Female;204;199;;6;True
1678;Adam;Male;204;199;;6;True
1679;Michael;Male;79;209;;6;True
1680;Franz;Male;214;261;;6;True
1681;Günter;Male;51;215;;6;True
1682;Hans;Male;216;74;;6;True
1683;Friedrich;Male;277;217;;6;True
1684;Marie;Female;183;222;;6;True
1685;Lena;Female;170;223;;6;True
1686;Adam;Male;71;225;;6;True
1687;Johanna;Female;228;334;;6;True
1688;Wilhelm;Male;147;232;;6;True
1689;Wilhelm;Male;241;187;;6;True
1690;Günter;Male;245;253;;6;True
1691;Frida;Female;245;253;;6;True
1692;Lena;Female;255;115;;6;True
1693;Johannes;Male;186;260;;6;True
1694;Nina;Female;214;261;;6;True
1695;Michael;Male;301;265;;6;True
1696;Reinhardt;Male;273;78;;6;True
1697;Wilhelm;Male;277;217;;6;True
1698;Günter;Male;278;298;;6;True
1699;Johan;Male;278;298;;6;True
1700;Hans;Male;301;265;;6;True
1701;Uwe;Male;309;100;;6;True
1702;Johannes;Male;313;320;;6;True
1703;Lena;Female;313;320;;6;True
1704;Berbel;Female;228;334;;6;True
1705;Michael;Male;15;16;;5;True
1706;Hans;Male;20;24;;5;True
1707;Berbel;Female;30;22;;5;True
1708;Eva;Female;26;149;;5;True
1709;Günter;Male;28;47;;5;True
1710;Svenja;Female;33;42;;5;True
1711;Heinrich;Male;34;62;;5;True
1712;Wilhelm;Male;40;35;;5;True
1713;Peter;Male;104;36;;5;True
1714;Adam;Male;37;135;;5;True
1715;Hans;Male;39;95;;5;True
1716;Wilhelmina;Female;40;35;;5;True
1717;Nina;Female;41;114;;5;True
1718;Friedrich;Male;33;42;;5;True
1719;Adam;Male;43;52;;5;True
1720;Berbel;Female;91;44;;5;True
1721;Johanna;Female;46;31;;5;True
1722;Frida;Female;28;47;;5;True
1723;Peter;Male;48;119;;5;True
1724;Lisa;Female;61;50;;5;True
1725;Wilhelm;Male;51;215;;5;True
1726;Johanna;Female;43;52;;5;True
1727;Wilhelm;Male;67;55;;5;True
1728;Michael;Male;75;58;;5;True
1729;Reinhardt;Male;59;123;;5;True
1730;Adam;Male;61;50;;5;True
1731;Peter;Male;34;62;;5;True
1732;Heinrich;Male;70;63;;5;True
1733;Johan;Male;103;64;;5;True
1734;Lena;Female;66;118;;5;True
1735;Maria;Female;67;55;;5;True
1736;Lisa;Female;70;63;;5;True
1737;Franz;Male;71;225;;5;True
1738;Wilhelmina;Female;72;275;;5;True
1739;Johannes;Male;93;73;;5;True
1740;Peter;Male;216;74;;5;True
1741;Reinhardt;Male;75;58;;5;True
1742;Michael;Male;137;77;;5;True
1743;Sonja;Female;273;78;;5;True
1744;Friedrich;Male;79;209;;5;True
1745;Nina;Female;27;84;;5;True
1746;Johanna;Female;91;44;;5;True
1747;Sonja;Female;93;73;;5;True
1748;Sonja;Female;94;113;;5;True
1749;Peter;Male;39;95;;5;True
1750;Franz;Male;98;144;;5;True
1751;Frida;Female;309;100;;5;True
1752;Svenja;Female;103;64;;5;True
1753;Reinhardt;Male;104;36;;5;True
1754;Günter;Male;105;106;;5;True
1755;Frida;Female;105;106;;5;True
1756;Michael;Male;110;145;;5;True
1757;Nina;Female;29;111;;5;True
1758;Lena;Female;112;143;;5;True
1759;Wilhelm;Male;94;113;;5;True
1760;Friedrich;Male;41;114;;5;True
1761;Eva;Female;255;115;;5;True
1762;Hans;Male;66;118;;5;True
1763;Adam;Male;48;119;;5;True
1764;Eva;Female;120;122;;5;True
1765;Frida;Female;179;121;;5;True
1766;Wilhelmina;Female;120;122;;5;True
1767;Hildegard;Female;59;123;;5;True
1768;Lena;Female;125;158;;5;True
1769;Hildegard;Female;126;148;;5;True
1770;Johanna;Female;129;182;;5;True
1771;Friedrich;Male;274;134;;5;True
1772;Uta;Female;37;135;;5;True
1773;Peter;Male;137;77;;5;True
1774;Hans;Male;138;21;;5;True
1775;Franz;Male;112;143;;5;True
1776;Wilhelmina;Female;98;144;;5;True
1777;Uwe;Male;110;145;;5;True
1778;Svenja;Female;147;232;;5;True
1779;Eva;Female;126;148;;5;True
1780;Franz;Male;26;149;;5;True
1781;Lisa;Female;160;151;;5;True
1782;Johannes;Male;17;152;;5;True
1783;Hans;Male;370;155;;5;True
1784;Adam;Male;175;157;;5;True
1785;Nina;Female;125;158;;5;True
1786;Reinhardt;Male;171;159;;5;True
1787;Hildegard;Female;160;151;;5;True
1788;Svenja;Female;170;223;;5;True
1789;Johannes;Male;171;159;;5;True
1790;Wilhelm;Male;175;157;;5;True
1791;Wilhelmina;Female;196;178;;5;True
1792;Uta;Female;179;121;;5;True
1793;Peter;Male;129;182;;5;True
1794;Sonja;Female;183;222;;5;True
1795;Johan;Male;186;260;;5;True
1796;Johanna;Female;241;187;;5;True
1797;Nina;Female;191;189;;5;True
1798;Wilhelmina;Female;191;189;;5;True
1799;Hildegard;Female;196;178;;5;True
1800;Friedrich;Male;204;199;;5;True
1801;Lisa;Female;204;199;;5;True
1802;Johannes;Male;79;209;;5;True
1803;Berbel;Female;214;261;;5;True
1804;Johanna;Female;51;215;;5;True
1805;Hildegard;Female;216;74;;5;True
1806;Sonja;Female;277;217;;5;True
1807;Wilhelm;Male;183;222;;5;True
1808;Lena;Female;170;223;;5;True
1809;Johanna;Female;71;225;;5;True
1810;Reinhardt;Male;228;334;;5;True
1811;Franz;Male;147;232;;5;True
1812;Hans;Male;241;187;;5;True
1813;Friedrich;Male;245;253;;5;True
1814;Uta;Female;245;253;;5;True
1815;Friedrich;Male;255;115;;5;True
1816;Adam;Male;186;260;;5;True
1817;Reinhardt;Male;214;261;;5;True
1818;Friedrich;Male;301;265;;5;True
1819;Michael;Male;184;266;;5;True
1820;Günter;Male;273;78;;5;True
1821;Eva;Female;274;134;;5;True
1822;Maria;Female;72;275;;5;True
1823;Uwe;Male;278;298;;5;True
1824;Maria;Female;278;298;;5;True
1825;Wilhelm;Male;301;265;;5;True
1826;Heinrich;Male;309;100;;5;True
1827;Uwe;Male;313;320;;5;True
1828;Lena;Female;313;320;;5;True
1829;Johanna;Female;228;334;;5;True
1830;Heinrich;Male;370;155;;5;True
1831;Wilhelm;Male;15;16;;4;True
1832;Berbel;Female;20;24;;4;True
1833;Lisa;Female;30;22;;4;True
1834;Johan;Male;28;47;;4;True
1835;Lisa;Female;33;42;;4;True
1836;Friedrich;Male;34;62;;4;True
1837;Johan;Male;40;35;;4;True
1838;Nina;Female;104;36;;4;True
1839;Johan;Male;37;135;;4;True
1840;Michael;Male;39;95;;4;True
1841;Lena;Female;40;35;;4;True
1842;Hildegard;Female;41;114;;4;True
1843;Reinhardt;Male;33;42;;4;True
1844;Uwe;Male;43;52;;4;True
1845;Wilhelmina;Female;91;44;;4;True
1846;Adam;Male;46;31;;4;True
1847;Nina;Female;28;47;;4;True
1848;Lisa;Female;48;119;;4;True
1849;Johannes;Male;61;50;;4;True
1850;Uwe;Male;51;215;;4;True
1851;Lisa;Female;43;52;;4;True
1852;Svenja;Female;67;55;;4;True
1853;Sonja;Female;75;58;;4;True
1854;Friedrich;Male;59;123;;4;True
1855;Marie;Female;61;50;;4;True
1856;Uta;Female;34;62;;4;True
1857;Günter;Male;70;63;;4;True
1858;Svenja;Female;103;64;;4;True
1859;Michael;Male;66;118;;4;True
1860;Michael;Male;67;55;;4;True
1861;Wilhelm;Male;70;63;;4;True
1862;Peter;Male;71;225;;4;True
1863;Berbel;Female;72;275;;4;True
1864;Heinrich;Male;93;73;;4;True
1865;Adam;Male;216;74;;4;True
1866;Uwe;Male;75;58;;4;True
1867;Wilhelmina;Female;137;77;;4;True
1868;Franz;Male;273;78;;4;True
1869;Uta;Female;79;209;;4;True
1870;Johannes;Male;27;84;;4;True
1871;Friedrich;Male;91;44;;4;True
1872;Nina;Female;92;324;;4;True
1873;Lena;Female;93;73;;4;True
1874;Johanna;Female;94;113;;4;True
1875;Hildegard;Female;39;95;;4;True
1876;Wilhelm;Male;98;144;;4;True
1877;Johan;Male;243;99;;4;True
1878;Johan;Male;309;100;;4;True
1879;Marie;Female;103;64;;4;True
1880;Eva;Female;104;36;;4;True
1881;Maria;Female;105;106;;4;True
1882;Friedrich;Male;105;106;;4;True
1883;Marie;Female;110;145;;4;True
1884;Frida;Female;29;111;;4;True
1885;Reinhardt;Male;112;143;;4;True
1886;Johannes;Male;94;113;;4;True
1887;Lena;Female;41;114;;4;True
1888;Berbel;Female;255;115;;4;True
1889;Eva;Female;66;118;;4;True
1890;Peter;Male;48;119;;4;True
1891;Sonja;Female;120;122;;4;True
1892;Friedrich;Male;179;121;;4;True
1893;Hildegard;Female;120;122;;4;True
1894;Wilhelmina;Female;59;123;;4;True
1895;Friedrich;Male;125;158;;4;True
1896;Peter;Male;126;148;;4;True
1897;Reinhardt;Male;129;182;;4;True
1898;Sonja;Female;274;134;;4;True
1899;Svenja;Female;37;135;;4;True
1900;Michael;Male;137;77;;4;True
1901;Johanna;Female;138;21;;4;True
1902;Uwe;Male;112;143;;4;True
1903;Johan;Male;98;144;;4;True
1904;Johan;Male;110;145;;4;True
1905;Günter;Male;147;232;;4;True
1906;Hildegard;Female;126;148;;4;True
1907;Franz;Male;26;149;;4;True
1908;Johannes;Male;150;286;;4;True
1909;Frida;Female;160;151;;4;True
1910;Johan;Male;17;152;;4;True
1911;Lisa;Female;370;155;;4;True
1912;Franz;Male;175;157;;4;True
1913;Lena;Female;125;158;;4;True
1914;Johannes;Male;171;159;;4;True
1915;Friedrich;Male;160;151;;4;True
1916;Svenja;Female;170;223;;4;True
1917;Sonja;Female;171;159;;4;True
1918;Hans;Male;175;157;;4;True
1919;Franz;Male;196;178;;4;True
1920;Johan;Male;179;121;;4;True
1921;Günter;Male;129;182;;4;True
1922;Eva;Female;183;222;;4;True
1923;Reinhardt;Male;184;266;;4;True
1924;Hildegard;Female;186;260;;4;True
1925;Nina;Female;241;187;;4;True
1926;Johannes;Male;191;189;;4;True
1927;Nina;Female;191;189;;4;True
1928;Uta;Female;196;178;;4;True
1929;Sonja;Female;204;199;;4;True
1930;Günter;Male;204;199;;4;True
1931;Hans;Male;79;209;;4;True
1932;Michael;Male;214;261;;4;True
1933;Maria;Female;51;215;;4;True
1934;Johanna;Female;216;74;;4;True
1935;Heinrich;Male;277;217;;4;True
1936;Lisa;Female;183;222;;4;True
1937;Heinrich;Male;170;223;;4;True
1938;Michael;Male;71;225;;4;True
1939;Johan;Male;228;334;;4;True
1940;Reinhardt;Male;147;232;;4;True
1941;Hans;Male;238;131;;4;True
1942;Peter;Male;241;187;;4;True
1943;Svenja;Female;243;99;;4;True
1944;Johannes;Male;245;253;;4;True
1945;Johannes;Male;245;253;;4;True
1946;Svenja;Female;255;115;;4;True
1947;Sonja;Female;186;260;;4;True
1948;Berbel;Female;214;261;;4;True
1949;Michael;Male;301;265;;4;True
1950;Maria;Female;184;266;;4;True
1951;Johanna;Female;273;78;;4;True
1952;Maria;Female;274;134;;4;True
1953;Michael;Male;72;275;;4;True
1954;Johannes;Male;278;298;;4;True
1955;Svenja;Female;150;286;;4;True
1956;Sonja;Female;278;298;;4;True
1957;Heinrich;Male;301;265;;4;True
1958;Maria;Female;309;100;;4;True
1959;Johan;Male;313;320;;4;True
1960;Maria;Female;313;320;;4;True
1961;Eva;Female;92;324;;4;True
1962;Hans;Male;228;334;;4;True
1963;Marie;Female;370;155;;4;True
1964;Heinrich;Male;287;378;;4;True
1965;Nina;Female;392;146;;4;True
1966;Wilhelmina;Female;405;132;;4;True
1967;Adam;Male;15;16;;3;True
1968;Maria;Female;30;22;;3;True
1969;Reinhardt;Male;28;47;;3;True
1970;Friedrich;Male;33;42;;3;True
1971;Maria;Female;34;62;;3;True
1972;Nina;Female;40;35;;3;True
1973;Maria;Female;104;36;;3;True
1974;Johanna;Female;37;135;;3;True
1975;Peter;Male;39;95;;3;True
1976;Hildegard;Female;40;35;;3;True
1977;Berbel;Female;41;114;;3;True
1978;Berbel;Female;33;42;;3;True
1979;Wilhelm;Male;43;52;;3;True
1980;Adam;Male;91;44;;3;True
1981;Eva;Female;46;31;;3;True
1982;Nina;Female;28;47;;3;True
1983;Michael;Male;48;119;;3;True
1984;Johannes;Male;61;50;;3;True
1985;Johanna;Female;51;215;;3;True
1986;Heinrich;Male;43;52;;3;True
1987;Marie;Female;67;55;;3;True
1988;Johannes;Male;75;58;;3;True
1989;Lisa;Female;59;123;;3;True
1990;Lisa;Female;169;60;;3;True
1991;Hans;Male;61;50;;3;True
1992;Maria;Female;34;62;;3;True
1993;Günter;Male;70;63;;3;True
1994;Sonja;Female;103;64;;3;True
1995;Reinhardt;Male;66;118;;3;True
1996;Uwe;Male;67;55;;3;True
1997;Wilhelmina;Female;70;63;;3;True
1998;Frida;Female;71;225;;3;True
1999;Lisa;Female;72;275;;3;True
2000;Berbel;Female;93;73;;3;True
2001;Johanna;Female;216;74;;3;True
2002;Uwe;Male;75;58;;3;True
2003;Wilhelm;Male;137;77;;3;True
2004;Heinrich;Male;273;78;;3;True
2005;Marie;Female;79;209;;3;True
2006;Berbel;Female;27;84;;3;True
2007;Lena;Female;91;44;;3;True
2008;Johanna;Female;92;324;;3;True
2009;Johannes;Male;93;73;;3;True
2010;Günter;Male;94;113;;3;True
2011;Wilhelm;Male;39;95;;3;True
2012;Friedrich;Male;98;144;;3;True
2013;Hildegard;Female;243;99;;3;True
2014;Heinrich;Male;309;100;;3;True
2015;Svenja;Female;103;64;;3;True
2016;Hans;Male;104;36;;3;True
2017;Uta;Female;105;106;;3;True
2018;Lena;Female;105;106;;3;True
2019;Hans;Male;110;145;;3;True
2020;Heinrich;Male;29;111;;3;True
2021;Hildegard;Female;112;143;;3;True
2022;Günter;Male;94;113;;3;True
2023;Heinrich;Male;41;114;;3;True
2024;Uwe;Male;255;115;;3;True
2025;Berbel;Female;66;118;;3;True
2026;Berbel;Female;48;119;;3;True
2027;Franz;Male;120;122;;3;True
2028;Uta;Female;179;121;;3;True
2029;Michael;Male;120;122;;3;True
2030;Eva;Female;59;123;;3;True
2031;Franz;Male;125;158;;3;True
2032;Wilhelmina;Female;126;148;;3;True
2033;Michael;Male;129;182;;3;True
2034;Uwe;Male;238;131;;3;True
2035;Marie;Female;405;132;;3;True
2036;Peter;Male;274;134;;3;True
2037;Marie;Female;37;135;;3;True
2038;Franz;Male;137;77;;3;True
2039;Eva;Female;138;21;;3;True
2040;Lisa;Female;112;143;;3;True
2041;Franz;Male;98;144;;3;True
2042;Günter;Male;110;145;;3;True
2043;Adam;Male;392;146;;3;True
2044;Marie;Female;147;232;;3;True
2045;Berbel;Female;126;148;;3;True
2046;Wilhelmina;Female;26;149;;3;True
2047;Frida;Female;150;286;;3;True
2048;Uta;Female;160;151;;3;True
2049;Lisa;Female;17;152;;3;True
2050;Sonja;Female;370;155;;3;True
2051;Johannes;Male;175;157;;3;True
2052;Nina;Female;125;158;;3;True
2053;Günter;Male;171;159;;3;True
2054;Maria;Female;160;151;;3;True
2055;Nina;Female;169;60;;3;True
2056;Uwe;Male;170;223;;3;True
2057;Wilhelm;Male;171;159;;3;True
2058;Sonja;Female;175;157;;3;True
2059;Johannes;Male;196;178;;3;True
2060;Peter;Male;179;121;;3;True
2061;Berbel;Female;129;182;;3;True
2062;Reinhardt;Male;183;222;;3;True
2063;Uta;Female;184;266;;3;True
2064;Hans;Male;186;260;;3;True
2065;Wilhelmina;Female;241;187;;3;True
2066;Wilhelmina;Female;188;420;;3;True
2067;Lisa;Female;191;189;;3;True
2068;Peter;Male;191;189;;3;True
2069;Adam;Male;394;192;;3;True
2070;Peter;Male;196;178;;3;True
2071;Reinhardt;Male;204;199;;3;True
2072;Peter;Male;204;199;;3;True
2073;Peter;Male;79;209;;3;True
2074;Hans;Male;214;261;;3;True
2075;Johan;Male;51;215;;3;True
2076;Reinhardt;Male;216;74;;3;True
2077;Hans;Male;277;217;;3;True
2078;Reinhardt;Male;183;222;;3;True
2079;Lena;Female;170;223;;3;True
2080;Berbel;Female;71;225;;3;True
2081;Johan;Male;228;334;;3;True
2082;Johanna;Female;130;230;;3;True
2083;Reinhardt;Male;147;232;;3;True
2084;Hildegard;Female;238;131;;3;True
2085;Hans;Male;241;187;;3;True
2086;Marie;Female;243;99;;3;True
2087;Friedrich;Male;245;253;;3;True
2088;Johannes;Male;245;253;;3;True
2089;Wilhelm;Male;255;115;;3;True
2090;Peter;Male;186;260;;3;True
2091;Hans;Male;214;261;;3;True
2092;Hans;Male;301;265;;3;True
2093;Lisa;Female;184;266;;3;True
2094;Peter;Male;273;78;;3;True
2095;Marie;Female;274;134;;3;True
2096;Uwe;Male;72;275;;3;True
2097;Wilhelmina;Female;278;298;;3;True
2098;Johanna;Female;150;286;;3;True
2099;Franz;Male;287;378;;3;True
2100;Reinhardt;Male;278;298;;3;True
2101;Uta;Female;301;265;;3;True
2102;Frida;Female;309;100;;3;True
2103;Günter;Male;313;320;;3;True
2104;Uwe;Male;313;320;;3;True
2105;Johanna;Female;92;324;;3;True
2106;Uta;Female;228;334;;3;True
2107;Johanna;Female;339;233;;3;True
2108;Svenja;Female;370;155;;3;True
2109;Hildegard;Female;287;378;;3;True
2110;Hans;Male;392;146;;3;True
2111;Lisa;Female;394;192;;3;True
2112;Adam;Male;405;132;;3;True
2113;Peter;Male;90;412;;3;True
2114;Friedrich;Male;188;420;;3;True
2115;Hans;Male;30;22;;2;True
2116;Franz;Male;28;47;;2;True
2117;Johanna;Female;33;42;;2;True
2118;Maria;Female;34;62;;2;True
2119;Wilhelm;Male;40;35;;2;True
2120;Friedrich;Male;104;36;;2;True
2121;Frida;Female;37;135;;2;True
2122;Heinrich;Male;39;95;;2;True
2123;Lisa;Female;40;35;;2;True
2124;Uwe;Male;41;114;;2;True
2125;Uwe;Male;33;42;;2;True
2126;Günter;Male;43;52;;2;True
2127;Johannes;Male;91;44;;2;True
2128;Franz;Male;46;31;;2;True
2129;Johan;Male;28;47;;2;True
2130;Michael;Male;48;119;;2;True
2131;Adam;Male;61;50;;2;True
2132;Marie;Female;51;215;;2;True
2133;Eva;Female;43;52;;2;True
2134;Peter;Male;67;55;;2;True
2135;Johannes;Male;75;58;;2;True
2136;Günter;Male;59;123;;2;True
2137;Michael;Male;169;60;;2;True
2138;Peter;Male;61;50;;2;True
2139;Marie;Female;34;62;;2;True
2140;Lisa;Female;70;63;;2;True
2141;Svenja;Female;103;64;;2;True
2142;Franz;Male;66;118;;2;True
2143;Reinhardt;Male;67;55;;2;True
2144;Berbel;Female;70;63;;2;True
2145;Reinhardt;Male;71;225;;2;True
2146;Wilhelm;Male;72;275;;2;True
2147;Hildegard;Female;93;73;;2;True
2148;Günter;Male;216;74;;2;True
2149;Lena;Female;75;58;;2;True
2150;Marie;Female;76;453;;2;True
2151;Johanna;Female;137;77;;2;True
2152;Uwe;Male;273;78;;2;True
2153;Michael;Male;79;209;;2;True
2154;Maria;Female;27;84;;2;True
2155;Lisa;Female;90;412;;2;True
2156;Michael;Male;91;44;;2;True
2157;Berbel;Female;92;324;;2;True
2158;Heinrich;Male;93;73;;2;True
2159;Günter;Male;94;113;;2;True
2160;Marie;Female;39;95;;2;True
2161;Friedrich;Male;98;144;;2;True
2162;Nina;Female;243;99;;2;True
2163;Lisa;Female;309;100;;2;True
2164;Heinrich;Male;103;64;;2;True
2165;Lisa;Female;104;36;;2;True
2166;Nina;Female;105;106;;2;True
2167;Sonja;Female;105;106;;2;True
2168;Svenja;Female;110;145;;2;True
2169;Maria;Female;29;111;;2;True
2170;Lena;Female;112;143;;2;True
2171;Johanna;Female;94;113;;2;True
2172;Uwe;Male;41;114;;2;True
2173;Hans;Male;255;115;;2;True
2174;Lena;Female;66;118;;2;True
2175;Maria;Female;48;119;;2;True
2176;Svenja;Female;120;122;;2;True
2177;Reinhardt;Male;179;121;;2;True
2178;Maria;Female;120;122;;2;True
2179;Nina;Female;59;123;;2;True
2180;Michael;Male;125;158;;2;True
2181;Franz;Male;126;148;;2;True
2182;Wilhelm;Male;129;182;;2;True
2183;Nina;Female;130;230;;2;True
2184;Franz;Male;238;131;;2;True
2185;Nina;Female;405;132;;2;True
2186;Johanna;Female;274;134;;2;True
2187;Adam;Male;37;135;;2;True
2188;Nina;Female;137;77;;2;True
2189;Lisa;Female;138;21;;2;True
2190;Eva;Female;112;143;;2;True
2191;Svenja;Female;98;144;;2;True
2192;Svenja;Female;110;145;;2;True
2193;Johan;Male;392;146;;2;True
2194;Friedrich;Male;147;232;;2;True
2195;Lena;Female;126;148;;2;True
2196;Lena;Female;26;149;;2;True
2197;Marie;Female;150;286;;2;True
2198;Johanna;Female;160;151;;2;True
2199;Nina;Female;17;152;;2;True
2200;Adam;Male;370;155;;2;True
2201;Friedrich;Male;175;157;;2;True
2202;Peter;Male;125;158;;2;True
2203;Lisa;Female;171;159;;2;True
2204;Svenja;Female;160;151;;2;True
2205;Eva;Female;169;60;;2;True
2206;Uwe;Male;170;223;;2;True
2207;Johan;Male;171;159;;2;True
2208;Uwe;Male;175;157;;2;True
2209;Reinhardt;Male;196;178;;2;True
2210;Berbel;Female;179;121;;2;True
2211;Hans;Male;129;182;;2;True
2212;Berbel;Female;183;222;;2;True
2213;Wilhelm;Male;184;266;;2;True
2214;Uwe;Male;186;260;;2;True
2215;Frida;Female;241;187;;2;True
2216;Nina;Female;188;420;;2;True
2217;Franz;Male;191;189;;2;True
2218;Maria;Female;191;189;;2;True
2219;Maria;Female;394;192;;2;True
2220;Johan;Male;196;178;;2;True
2221;Hans;Male;415;198;;2;True
2222;Marie;Female;204;199;;2;True
2223;Reinhardt;Male;204;199;;2;True
2224;Maria;Female;79;209;;2;True
2225;Wilhelm;Male;214;261;;2;True
2226;Marie;Female;51;215;;2;True
2227;Maria;Female;216;74;;2;True
2228;Peter;Male;277;217;;2;True
2229;Nina;Female;183;222;;2;True
2230;Nina;Female;170;223;;2;True
2231;Eva;Female;71;225;;2;True
2232;Johan;Male;228;334;;2;True
2233;Adam;Male;130;230;;2;True
2234;Hildegard;Female;147;232;;2;True
2235;Friedrich;Male;339;233;;2;True
2236;Johan;Male;238;131;;2;True
2237;Lena;Female;241;187;;2;True
2238;Peter;Male;243;99;;2;True
2239;Franz;Male;245;253;;2;True
2240;Nina;Female;245;253;;2;True
2241;Lena;Female;255;115;;2;True
2242;Johannes;Male;186;260;;2;True
2243;Frida;Female;214;261;;2;True
2244;Reinhardt;Male;301;265;;2;True
2245;Günter;Male;184;266;;2;True
2246;Johan;Male;273;78;;2;True
2247;Johannes;Male;274;134;;2;True
2248;Sonja;Female;72;275;;2;True
2249;Adam;Male;278;298;;2;True
2250;Reinhardt;Male;150;286;;2;True
2251;Heinrich;Male;287;378;;2;True
2252;Hans;Male;278;298;;2;True
2253;Nina;Female;301;265;;2;True
2254;Friedrich;Male;361;307;;2;True
2255;Adam;Male;309;100;;2;True
2256;Johanna;Female;313;320;;2;True
2257;Uwe;Male;313;320;;2;True
2258;Heinrich;Male;92;324;;2;True
2259;Berbel;Female;228;334;;2;True
2260;Eva;Female;339;233;;2;True
2261;Lisa;Female;361;307;;2;True
2262;Nina;Female;370;155;;2;True
2263;Uwe;Male;287;378;;2;True
2264;Sonja;Female;392;146;;2;True
2265;Johanna;Female;394;192;;2;True
2266;Lena;Female;405;132;;2;True
2267;Günter;Male;90;412;;2;True
2268;Johannes;Male;415;198;;2;True
2269;Adam;Male;188;420;;2;True
2270;Nina;Female;76;453;;2;True
2271;Sonja;Female;459;69;;2;True
2272;Friedrich;Male;30;22;;1;True
2273;Peter;Male;28;47;;1;True
2274;Frida;Female;34;62;;1;True
2275;Uwe;Male;40;35;;1;True
2276;Johanna;Female;104;36;;1;True
2277;Hildegard;Female;37;135;;1;True
2278;Marie;Female;39;95;;1;True
2279;Lena;Female;40;35;;1;True
2280;Johannes;Male;41;114;;1;True
2281;Frida;Female;33;42;;1;True
2282;Uwe;Male;43;52;;1;True
2283;Maria;Female;91;44;;1;True
2284;Frida;Female;46;31;;1;True
2285;Svenja;Female;28;47;;1;True
2286;Svenja;Female;48;119;;1;True
2287;Franz;Male;61;50;;1;True
2288;Nina;Female;51;215;;1;True
2289;Hans;Male;43;52;;1;True
2290;Marie;Female;67;55;;1;True
2291;Lisa;Female;75;58;;1;True
2292;Friedrich;Male;59;123;;1;True
2293;Marie;Female;169;60;;1;True
2294;Wilhelmina;Female;61;50;;1;True
2295;Friedrich;Male;34;62;;1;True
2296;Peter;Male;70;63;;1;True
2297;Johanna;Female;103;64;;1;True
2298;Adam;Male;66;118;;1;True
2299;Adam;Male;67;55;;1;True
2300;Johan;Male;459;69;;1;True
2301;Wilhelmina;Female;70;63;;1;True
2302;Johannes;Male;71;225;;1;True
2303;Berbel;Female;72;275;;1;True
2304;Marie;Female;93;73;;1;True
2305;Johanna;Female;216;74;;1;True
2306;Svenja;Female;75;58;;1;True
2307;Wilhelmina;Female;76;453;;1;True
2308;Hans;Male;137;77;;1;True
2309;Nina;Female;273;78;;1;True
2310;Uwe;Male;79;209;;1;True
2311;Hans;Male;27;84;;1;True
2312;Maria;Female;87;471;;1;True
2313;Johanna;Female;90;412;;1;True
2314;Günter;Male;91;44;;1;True
2315;Uwe;Male;92;324;;1;True
2316;Franz;Male;93;73;;1;True
2317;Marie;Female;94;113;;1;True
2318;Nina;Female;39;95;;1;True
2319;Berbel;Female;98;144;;1;True
2320;Maria;Female;243;99;;1;True
2321;Svenja;Female;309;100;;1;True
2322;Nina;Female;103;64;;1;True
2323;Johanna;Female;104;36;;1;True
2324;Wilhelm;Male;105;106;;1;True
2325;Hildegard;Female;105;106;;1;True
2326;Hildegard;Female;110;145;;1;True
2327;Svenja;Female;29;111;;1;True
2328;Günter;Male;112;143;;1;True
2329;Maria;Female;94;113;;1;True
2330;Berbel;Female;41;114;;1;True
2331;Sonja;Female;255;115;;1;True
2332;Hans;Male;66;118;;1;True
2333;Günter;Male;48;119;;1;True
2334;Friedrich;Male;120;122;;1;True
2335;Lisa;Female;179;121;;1;True
2336;Johanna;Female;120;122;;1;True
2337;Sonja;Female;59;123;;1;True
2338;Hildegard;Female;125;158;;1;True
2339;Friedrich;Male;126;148;;1;True
2340;Michael;Male;129;182;;1;True
2341;Maria;Female;130;230;;1;True
2342;Svenja;Female;238;131;;1;True
2343;Adam;Male;405;132;;1;True
2344;Uwe;Male;274;134;;1;True
2345;Reinhardt;Male;37;135;;1;True
2346;Wilhelm;Male;137;77;;1;True
2347;Lisa;Female;138;21;;1;True
2348;Marie;Female;112;143;;1;True
2349;Marie;Female;98;144;;1;True
2350;Svenja;Female;110;145;;1;True
2351;Wilhelm;Male;392;146;;1;True
2352;Franz;Male;147;232;;1;True
2353;Uta;Female;126;148;;1;True
2354;Peter;Male;26;149;;1;True
2355;Nina;Female;150;286;;1;True
2356;Sonja;Female;160;151;;1;True
2357;Uwe;Male;17;152;;1;True
2358;Peter;Male;370;155;;1;True
2359;Reinhardt;Male;175;157;;1;True
2360;Johan;Male;125;158;;1;True
2361;Frida;Female;171;159;;1;True
2362;Friedrich;Male;160;151;;1;True
2363;Sonja;Female;169;60;;1;True
2364;Friedrich;Male;170;223;;1;True
2365;Günter;Male;171;159;;1;True
2366;Svenja;Female;175;157;;1;True
2367;Sonja;Female;196;178;;1;True
2368;Franz;Male;179;121;;1;True
2369;Lisa;Female;129;182;;1;True
2370;Michael;Male;183;222;;1;True
2371;Berbel;Female;184;266;;1;True
2372;Berbel;Female;186;260;;1;True
2373;Johanna;Female;241;187;;1;True
2374;Sonja;Female;188;420;;1;True
2375;Heinrich;Male;191;189;;1;True
2376;Maria;Female;191;189;;1;True
2377;Uta;Female;394;192;;1;True
2378;Eva;Female;196;178;;1;True
2379;Lena;Female;415;198;;1;True
2380;Maria;Female;204;199;;1;True
2381;Adam;Male;204;199;;1;True
2382;Adam;Male;79;209;;1;True
2383;Maria;Female;214;261;;1;True
2384;Johan;Male;51;215;;1;True
2385;Lena;Female;216;74;;1;True
2386;Marie;Female;277;217;;1;True
2387;Uwe;Male;183;222;;1;True
2388;Adam;Male;170;223;;1;True
2389;Berbel;Female;71;225;;1;True
2390;Wilhelm;Male;228;334;;1;True
2391;Michael;Male;130;230;;1;True
2392;Franz;Male;147;232;;1;True
2393;Svenja;Female;339;233;;1;True
2394;Wilhelmina;Female;238;131;;1;True
2395;Reinhardt;Male;241;187;;1;True
2396;Lisa;Female;243;99;;1;True
2397;Svenja;Female;245;253;;1;True
2398;Michael;Male;245;253;;1;True
2399;Franz;Male;255;115;;1;True
2400;Heinrich;Male;186;260;;1;True
2401;Friedrich;Male;214;261;;1;True
2402;Hildegard;Female;301;265;;1;True
2403;Peter;Male;184;266;;1;True
2404;Johanna;Female;273;78;;1;True
2405;Svenja;Female;274;134;;1;True
2406;Lisa;Female;72;275;;1;True
2407;Heinrich;Male;276;315;;1;True
2408;Eva;Female;278;298;;1;True
2409;Svenja;Female;150;286;;1;True
2410;Eva;Female;287;378;;1;True
2411;Wilhelm;Male;278;298;;1;True
2412;Uta;Female;301;265;;1;True
2413;Franz;Male;361;307;;1;True
2414;Frida;Female;309;100;;1;True
2415;Franz;Male;313;320;;1;True
2416;Maria;Female;276;315;;1;True
2417;Maria;Female;313;320;;1;True
2418;Heinrich;Male;413;321;;1;True
2419;Sonja;Female;92;324;;1;True
2420;Reinhardt;Male;228;334;;1;True
2421;Reinhardt;Male;339;233;;1;True
2422;Franz;Male;361;307;;1;True
2423;Svenja;Female;370;155;;1;True
2424;Uwe;Male;287;378;;1;True
2425;Franz;Male;433;388;;1;True
2426;Svenja;Female;392;146;;1;True
2427;Adam;Male;394;192;;1;True
2428;Adam;Male;515;396;;1;True
2429;Marie;Female;405;132;;1;True
2430;Berbel;Female;90;412;;1;True
2431;Eva;Female;413;321;;1;True
2432;Adam;Male;415;198;;1;True
2433;Franz;Male;188;420;;1;True
2434;Friedrich;Male;337;422;;1;True
2435;Friedrich;Male;423;172;;1;True
2436;Günter;Male;433;388;;1;True
2437;Svenja;Female;76;453;;1;True
2438;Marie;Female;459;69;;1;True
2439;Sonja;Female;87;471;;1;True
2440;Adam;Male;515;396;;1;True
2441;Frida;Female;30;22;;0;True
2442;Günter;Male;28;47;;0;True
2443;Nina;Female;34;62;;0;True
2444;Berbel;Female;40;35;;0;True
2445;Wilhelm;Male;104;36;;0;True
2446;Franz;Male;37;135;;0;True
2447;Franz;Male;39;95;;0;True
2448;Peter;Male;40;35;;0;True
2449;Heinrich;Male;41;114;;0;True
2450;Johanna;Female;33;42;;0;True
2451;Uta;Female;43;52;;0;True
2452;Reinhardt;Male;91;44;;0;True
2453;Johanna;Female;46;31;;0;True
2454;Johanna;Female;28;47;;0;True
2455;Frida;Female;48;119;;0;True
2456;Günter;Male;61;50;;0;True
2457;Lisa;Female;51;215;;0;True
2458;Lisa;Female;43;52;;0;True
2459;Johanna;Female;67;55;;0;True
2460;Svenja;Female;75;58;;0;True
2461;Marie;Female;59;123;;0;True
2462;Berbel;Female;169;60;;0;True
2463;Hildegard;Female;61;50;;0;True
2464;Sonja;Female;34;62;;0;True
2465;Wilhelm;Male;70;63;;0;True
2466;Johannes;Male;103;64;;0;True
2467;Nina;Female;66;118;;0;True
2468;Sonja;Female;67;55;;0;True
2469;Wilhelm;Male;459;69;;0;True
2470;Hildegard;Female;70;63;;0;True
2471;Sonja;Female;71;225;;0;True
2472;Johannes;Male;72;275;;0;True
2473;Johan;Male;93;73;;0;True
2474;Berbel;Female;216;74;;0;True
2475;Peter;Male;75;58;;0;True
2476;Peter;Male;76;453;;0;True
2477;Heinrich;Male;137;77;;0;True
2478;Reinhardt;Male;273;78;;0;True
2479;Uwe;Male;79;209;;0;True
2480;Heinrich;Male;27;84;;0;True
2481;Reinhardt;Male;87;471;;0;True
2482;Nina;Female;90;412;;0;True
2483;Michael;Male;91;44;;0;True
2484;Adam;Male;92;324;;0;True
2485;Johannes;Male;93;73;;0;True
2486;Johan;Male;94;113;;0;True
2487;Marie;Female;39;95;;0;True
2488;Johan;Male;271;96;;0;True
2489;Reinhardt;Male;98;144;;0;True
2490;Günter;Male;243;99;;0;True
2491;Adam;Male;309;100;;0;True
2492;Wilhelm;Male;343;102;;0;True
2493;Uwe;Male;103;64;;0;True
2494;Friedrich;Male;104;36;;0;True
2495;Sonja;Female;105;106;;0;True
2496;Uta;Female;105;106;;0;True
2497;Eva;Female;110;145;;0;True
2498;Frida;Female;29;111;;0;True
2499;Lisa;Female;112;143;;0;True
2500;Michael;Male;94;113;;0;True
2501;Günter;Male;41;114;;0;True
2502;Uta;Female;255;115;;0;True
2503;Johannes;Male;66;118;;0;True
2504;Johannes;Male;48;119;;0;True
2505;Franz;Male;120;122;;0;True
2506;Marie;Female;179;121;;0;True
2507;Wilhelmina;Female;120;122;;0;True
2508;Reinhardt;Male;59;123;;0;True
2509;Franz;Male;125;158;;0;True
2510;Wilhelm;Male;126;148;;0;True
2511;Frida;Female;129;182;;0;True
2512;Nina;Female;130;230;;0;True
2513;Frida;Female;238;131;;0;True
2514;Peter;Male;405;132;;0;True
2515;Uta;Female;274;134;;0;True
2516;Nina;Female;37;135;;0;True
2517;Johannes;Male;137;77;;0;True
2518;Uwe;Male;138;21;;0;True
2519;Maria;Female;112;143;;0;True
2520;Nina;Female;98;144;;0;True
2521;Maria;Female;110;145;;0;True
2522;Frida;Female;392;146;;0;True
2523;Johannes;Male;147;232;;0;True
2524;Michael;Male;126;148;;0;True
2525;Lisa;Female;26;149;;0;True
2526;Svenja;Female;150;286;;0;True
2527;Uta;Female;160;151;;0;True
2528;Uwe;Male;17;152;;0;True
2529;Marie;Female;370;155;;0;True
2530;Hildegard;Female;175;157;;0;True
2531;Eva;Female;125;158;;0;True
2532;Günter;Male;171;159;;0;True
2533;Lena;Female;160;151;;0;True
2534;Berbel;Female;169;60;;0;True
2535;Uwe;Male;170;223;;0;True
2536;Sonja;Female;171;159;;0;True
2537;Franz;Male;423;172;;0;True
2538;Reinhardt;Male;175;157;;0;True
2539;Maria;Female;196;178;;0;True
2540;Hildegard;Female;179;121;;0;True
2541;Wilhelmina;Female;129;182;;0;True
2542;Marie;Female;183;222;;0;True
2543;Nina;Female;184;266;;0;True
2544;Marie;Female;578;185;;0;True
2545;Heinrich;Male;186;260;;0;True
2546;Wilhelm;Male;241;187;;0;True
2547;Johan;Male;188;420;;0;True
2548;Günter;Male;191;189;;0;True
2549;Hildegard;Female;191;189;;0;True
2550;Hans;Male;394;192;;0;True
2551;Johanna;Female;196;178;;0;True
2552;Franz;Male;415;198;;0;True
2553;Lisa;Female;204;199;;0;True
2554;Uwe;Male;204;199;;0;True
2555;Maria;Female;79;209;;0;True
2556;Maria;Female;214;261;;0;True
2557;Adam;Male;51;215;;0;True
2558;Lena;Female;216;74;;0;True
2559;Michael;Male;277;217;;0;True
2560;Reinhardt;Male;220;242;;0;True
2561;Wilhelm;Male;221;262;;0;True
2562;Marie;Female;183;222;;0;True
2563;Hildegard;Female;170;223;;0;True
2564;Johanna;Female;71;225;;0;True
2565;Günter;Male;228;334;;0;True
2566;Johanna;Female;130;230;;0;True
2567;Friedrich;Male;147;232;;0;True
2568;Nina;Female;339;233;;0;True
2569;Uta;Female;238;131;;0;True
2570;Uwe;Male;241;187;;0;True
2571;Wilhelmina;Female;220;242;;0;True
2572;Peter;Male;243;99;;0;True
2573;Maria;Female;245;253;;0;True
2574;Hildegard;Female;245;253;;0;True
2575;Sonja;Female;255;115;;0;True
2576;Eva;Female;186;260;;0;True
2577;Lisa;Female;214;261;;0;True
2578;Uta;Female;221;262;;0;True
2579;Marie;Female;301;265;;0;True
2580;Johan;Male;184;266;;0;True
2581;Peter;Male;271;96;;0;True
2582;Adam;Male;273;78;;0;True
2583;Wilhelmina;Female;274;134;;0;True
2584;Marie;Female;72;275;;0;True
2585;Svenja;Female;276;315;;0;True
2586;Wilhelmina;Female;278;298;;0;True
2587;Johan;Male;424;283;;0;True
2588;Uta;Female;150;286;;0;True
2589;Heinrich;Male;287;378;;0;True
2590;Günter;Male;294;469;;0;True
2591;Johan;Male;278;298;;0;True
2592;Marie;Female;301;265;;0;True
2593;Johannes;Male;361;307;;0;True
2594;Wilhelmina;Female;309;100;;0;True
2595;Uta;Female;313;320;;0;True
2596;Peter;Male;276;315;;0;True
2597;Peter;Male;313;320;;0;True
2598;Uwe;Male;413;321;;0;True
2599;Svenja;Female;92;324;;0;True
2600;Hans;Male;228;334;;0;True
2601;Johannes;Male;337;422;;0;True
2602;Hildegard;Female;339;233;;0;True
2603;Johan;Male;365;340;;0;True
2604;Friedrich;Male;343;102;;0;True
2605;Adam;Male;361;307;;0;True
2606;Johan;Male;365;340;;0;True
2607;Hans;Male;370;155;;0;True
2608;Maria;Female;287;378;;0;True
2609;Günter;Male;381;557;;0;True
2610;Hildegard;Female;433;388;;0;True
2611;Berbel;Female;392;146;;0;True
2612;Adam;Male;394;192;;0;True
2613;Hildegard;Female;515;396;;0;True
2614;Uta;Female;405;132;;0;True
2615;Reinhardt;Male;90;412;;0;True
2616;Peter;Male;413;321;;0;True
2617;Maria;Female;415;198;;0;True
2618;Johannes;Male;188;420;;0;True
2619;Michael;Male;337;422;;0;True
2620;Johannes;Male;423;172;;0;True
2621;Günter;Male;424;283;;0;True
2622;Johannes;Male;433;388;;0;True
2623;Günter;Male;76;453;;0;True
2624;Friedrich;Male;459;69;;0;True
2625;Svenja;Female;294;469;;0;True
2626;Franz;Male;87;471;;0;True
2627;Franz;Male;511;499;;0;True
2628;Sonja;Female;511;499;;0;True
2629;Marie;Female;515;396;;0;True
2630;Frida;Female;381;557;;0;True
2631;Johan;Male;578;185;;0;True
